Workbook

Sheet Summary
A1: Industry Name: Foods Pvt Ltd
A2: Location / Address: Uttar Pradesh
A3: Connectivity: Up to 11 kV - 11
A5: Calculation Base: | B5: Demand (MW)
A6: TOD | B6: Jul-26
A7: 10:00-19:00 | B7: 1.12
A8: 19:00-3:00 | B8: 1.12
A9: 3:00-5:00 | B9: 1.12
A10: 5:00-10:00 | B10: 1.12
A12: Savings | B12: Jul-26
A13: Billing Period | B13: - to -
A14: Cleared Units@Consumer bus 10:00-19:00 | B14: =IFERROR(VLOOKUP("10:00-19:00", 'Jul 2026'!$A$104:$G$107, 5, FALSE), 0)
A15: Cleared Units@Consumer bus 19:00-3:00 | B15: =IFERROR(VLOOKUP("19:00-3:00", 'Jul 2026'!$A$104:$G$107, 5, FALSE), 0)
A16: Cleared Units@Consumer bus 3:00-5:00 | B16: =IFERROR(VLOOKUP("3:00-5:00", 'Jul 2026'!$A$104:$G$107, 5, FALSE), 0)
A17: Cleared Units@Consumer bus 5:00-10:00 | B17: =IFERROR(VLOOKUP("5:00-10:00", 'Jul 2026'!$A$104:$G$107, 5, FALSE), 0)
A18: Total Cleared Units@Consumer bus | B18: =SUM(B14:B17)
A19: Total Consumption As per Ebill | B19: ='Jul 2026'!B108
A20: Cleared vs Actual consumption % | B20: =B18/B19
A21: Total Power Cost through Open Access | B21: ='Jul 2026'!B143
A22: Discom Cost | B22: ='Jul 2026'!B115
A23: Miscellaneous Charges | B23: 0
A25: Power Purchase Cost (Discom Only) | B25: =B22/B19
A26: Power Purchase Cost (With Prolt) | B26: =B21/B19
A27: Total Saving | B27: =B22-B21
A28: Saving/Unit | B28: =B27/B19
A29: Monthly NOC Fee | B29: ='Jul 2026'!B148
A30: IEX Registration Fee | B30: ='Jul 2026'!B149
A31: Consultancy Fee | B31: ='Jul 2026'!B150
A33: Margin Details | B33: Jul-26
A34: Trader Margin (Rs 0.02/kWh) | B34: ='Jul 2026'!B134
A35: Platform Fee (Rs 0.02/kWh) | B35: ='Jul 2026'!B151
A36: Value-Share for Energy Platform (15% of Saving) | B36: ='Jul 2026'!B152
A37: Total Amount | B37: =SUM(B29:B31)+B35+B36
A38: Probus Revenue /Unit | B38: =B37/B19
A40: Saving for your business | B40: =B27-B37
A41: Saving/Unit | B41: =B40/B19
A43: Average Monthly Saving | B43: =AVERAGE(B40:B40)
A44: Average Annual Saving | B44: =B43*12

Sheet Jul 2026
A1: Blockwise DAM Rates on IEX | B1: 1-Jul | E1: 2-Jul | H1: 3-Jul | K1: 4-Jul | N1: 5-Jul | Q1: 6-Jul | T1: 7-Jul | W1: 8-Jul | Z1: 9-Jul | AC1: 10-Jul | AF1: 11-Jul | AI1: 12-Jul | AL1: 13-Jul | AO1: 14-Jul | AR1: 15-Jul | AU1: 16-Jul | AX1: 17-Jul | BA1: 18-Jul | BD1: 19-Jul | BG1: 20-Jul | BJ1: 21-Jul | BM1: 22-Jul | BP1: 23-Jul | BS1: 24-Jul | BV1: 25-Jul | BY1: 26-Jul | CB1: 27-Jul | CE1: 28-Jul | CH1: 29-Jul | CK1: 30-Jul | CN1: 31-Jul
B2: Qty (MWh) | C2: Rate (Rs/kWh) | D2: Market | E2: Qty (MWh) | F2: Rate (Rs/kWh) | G2: Market | H2: Qty (MWh) | I2: Rate (Rs/kWh) | J2: Market | K2: Qty (MWh) | L2: Rate (Rs/kWh) | M2: Market | N2: Qty (MWh) | O2: Rate (Rs/kWh) | P2: Market | Q2: Qty (MWh) | R2: Rate (Rs/kWh) | S2: Market | T2: Qty (MWh) | U2: Rate (Rs/kWh) | V2: Market | W2: Qty (MWh) | X2: Rate (Rs/kWh) | Y2: Market | Z2: Qty (MWh) | AA2: Rate (Rs/kWh) | AB2: Market | AC2: Qty (MWh) | AD2: Rate (Rs/kWh) | AE2: Market | AF2: Qty (MWh) | AG2: Rate (Rs/kWh) | AH2: Market | AI2: Qty (MWh) | AJ2: Rate (Rs/kWh) | AK2: Market | AL2: Qty (MWh) | AM2: Rate (Rs/kWh) | AN2: Market | AO2: Qty (MWh) | AP2: Rate (Rs/kWh) | AQ2: Market | AR2: Qty (MWh) | AS2: Rate (Rs/kWh) | AT2: Market | AU2: Qty (MWh) | AV2: Rate (Rs/kWh) | AW2: Market | AX2: Qty (MWh) | AY2: Rate (Rs/kWh) | AZ2: Market | BA2: Qty (MWh) | BB2: Rate (Rs/kWh) | BC2: Market | BD2: Qty (MWh) | BE2: Rate (Rs/kWh) | BF2: Market | BG2: Qty (MWh) | BH2: Rate (Rs/kWh) | BI2: Market | BJ2: Qty (MWh) | BK2: Rate (Rs/kWh) | BL2: Market | BM2: Qty (MWh) | BN2: Rate (Rs/kWh) | BO2: Market | BP2: Qty (MWh) | BQ2: Rate (Rs/kWh) | BR2: Market | BS2: Qty (MWh) | BT2: Rate (Rs/kWh) | BU2: Market | BV2: Qty (MWh) | BW2: Rate (Rs/kWh) | BX2: Market | BY2: Qty (MWh) | BZ2: Rate (Rs/kWh) | CA2: Market | CB2: Qty (MWh) | CC2: Rate (Rs/kWh) | CD2: Market | CE2: Qty (MWh) | CF2: Rate (Rs/kWh) | CG2: Market | CH2: Qty (MWh) | CI2: Rate (Rs/kWh) | CJ2: Market | CK2: Qty (MWh) | CL2: Rate (Rs/kWh) | CM2: Market | CN2: Qty (MWh) | CO2: Rate (Rs/kWh) | CP2: Market
A3: 00:00 - 00:15 | B3: - | C3: - | D3: - | E3: - | F3: - | G3: - | H3: - | I3: - | J3: - | K3: 0 | L3: 4.45 | M3: DAM | N3: 0 | O3: 10 | P3: RTM | Q3: 0 | R3: 3.3 | S3: RTM | T3: 0 | U3: 4.2 | V3: DAM | W3: 0 | X3: 5 | Y3: DAM | Z3: 0 | AA3: 3.87 | AB3: RTM | AC3: 0 | AD3: 3.65 | AE3: RTM | AF3: 0 | AG3: 4.3 | AH3: RTM | AI3: 0 | AJ3: 5.4 | AK3: DAM | AL3: - | AM3: - | AN3: - | AO3: - | AP3: - | AQ3: - | AR3: - | AS3: - | AT3: - | AU3: - | AV3: - | AW3: - | AX3: - | AY3: - | AZ3: - | BA3: - | BB3: - | BC3: - | BD3: - | BE3: - | BF3: - | BG3: - | BH3: - | BI3: - | BJ3: - | BK3: - | BL3: - | BM3: 0 | BN3: 3.46 | BO3: RTM | BP3: 0 | BQ3: 4.1 | BR3: RTM | BS3: 0 | BT3: 3.41 | BU3: RTM | BV3: 0 | BW3: 5.48 | BX3: DAM | BY3: - | BZ3: - | CA3: - | CB3: - | CC3: - | CD3: - | CE3: - | CF3: - | CG3: - | CH3: 0 | CI3: 3.61 | CJ3: RTM | CK3: - | CL3: - | CM3: - | CN3: - | CO3: - | CP3: -
A4: 00:15 - 00:30 | B4: - | C4: - | D4: - | E4: - | F4: - | G4: - | H4: - | I4: - | J4: - | K4: 0 | L4: 4.36 | M4: DAM | N4: 0 | O4: 6.51 | P4: RTM | Q4: 0 | R4: 3.3 | S4: RTM | T4: 0 | U4: 4.01 | V4: DAM | W4: 0 | X4: 5 | Y4: DAM | Z4: 0 | AA4: 4.51 | AB4: RTM | AC4: 0 | AD4: 3.63 | AE4: RTM | AF4: 0 | AG4: 4.2 | AH4: RTM | AI4: 0 | AJ4: 4.76 | AK4: DAM | AL4: - | AM4: - | AN4: - | AO4: - | AP4: - | AQ4: - | AR4: - | AS4: - | AT4: - | AU4: - | AV4: - | AW4: - | AX4: - | AY4: - | AZ4: - | BA4: - | BB4: - | BC4: - | BD4: - | BE4: - | BF4: - | BG4: - | BH4: - | BI4: - | BJ4: - | BK4: - | BL4: - | BM4: 0 | BN4: 3.46 | BO4: RTM | BP4: 0 | BQ4: 3.95 | BR4: RTM | BS4: 0 | BT4: 3.4 | BU4: RTM | BV4: 0 | BW4: 4.85 | BX4: DAM | BY4: - | BZ4: - | CA4: - | CB4: - | CC4: - | CD4: - | CE4: - | CF4: - | CG4: - | CH4: 0 | CI4: 3.4 | CJ4: RTM | CK4: - | CL4: - | CM4: - | CN4: - | CO4: - | CP4: -
A5: 00:30 - 00:45 | B5: - | C5: - | D5: - | E5: 0 | F5: 3.76 | G5: RTM | H5: 0 | I5: 3.4 | J5: RTM | K5: 0 | L5: 4.2 | M5: DAM | N5: 0 | O5: 5.34 | P5: RTM | Q5: 0 | R5: 3.4 | S5: RTM | T5: 0 | U5: 4 | V5: DAM | W5: 0 | X5: 4.45 | Y5: DAM | Z5: 0 | AA5: 4.09 | AB5: RTM | AC5: 0 | AD5: 3.14 | AE5: RTM | AF5: 0 | AG5: 3.7 | AH5: RTM | AI5: 0 | AJ5: 4.43 | AK5: DAM | AL5: 0 | AM5: 4.34 | AN5: RTM | AO5: - | AP5: - | AQ5: - | AR5: - | AS5: - | AT5: - | AU5: - | AV5: - | AW5: - | AX5: - | AY5: - | AZ5: - | BA5: - | BB5: - | BC5: - | BD5: - | BE5: - | BF5: - | BG5: - | BH5: - | BI5: - | BJ5: - | BK5: - | BL5: - | BM5: 0 | BN5: 2.3 | BO5: RTM | BP5: 0 | BQ5: 3.4 | BR5: RTM | BS5: 0 | BT5: 3.31 | BU5: RTM | BV5: 0 | BW5: 3.75 | BX5: DAM | BY5: - | BZ5: - | CA5: - | CB5: - | CC5: - | CD5: - | CE5: - | CF5: - | CG5: - | CH5: 0 | CI5: 3.95 | CJ5: RTM | CK5: - | CL5: - | CM5: - | CN5: - | CO5: - | CP5: -
A6: 00:45 - 01:00 | B6: - | C6: - | D6: - | E6: 0 | F6: 3.5 | G6: RTM | H6: 0 | I6: 3.08 | J6: RTM | K6: 0 | L6: 4.2 | M6: DAM | N6: 0 | O6: 5.2 | P6: RTM | Q6: 0 | R6: 3.25 | S6: RTM | T6: 0 | U6: 3.81 | V6: DAM | W6: 0 | X6: 4.45 | Y6: DAM | Z6: 0 | AA6: 4.15 | AB6: RTM | AC6: 0 | AD6: 3.05 | AE6: RTM | AF6: 0 | AG6: 3.31 | AH6: RTM | AI6: 0 | AJ6: 4.19 | AK6: DAM | AL6: 0 | AM6: 3.77 | AN6: RTM | AO6: - | AP6: - | AQ6: - | AR6: - | AS6: - | AT6: - | AU6: - | AV6: - | AW6: - | AX6: - | AY6: - | AZ6: - | BA6: - | BB6: - | BC6: - | BD6: - | BE6: - | BF6: - | BG6: - | BH6: - | BI6: - | BJ6: 0 | BK6: 4.4 | BL6: RTM | BM6: 0.28 | BN6: 2 | BO6: RTM | BP6: 0 | BQ6: 3.31 | BR6: RTM | BS6: 0 | BT6: 3.17 | BU6: RTM | BV6: 0 | BW6: 3.68 | BX6: DAM | BY6: - | BZ6: - | CA6: - | CB6: - | CC6: - | CD6: - | CE6: - | CF6: - | CG6: - | CH6: 0 | CI6: 3.71 | CJ6: RTM | CK6: - | CL6: - | CM6: - | CN6: - | CO6: - | CP6: -
A7: 01:00 - 01:15 | B7: - | C7: - | D7: - | E7: 0 | F7: 3.85 | G7: RTM | H7: 0 | I7: 2.04 | J7: RTM | K7: 0 | L7: 3.4 | M7: DAM | N7: 0 | O7: 4.23 | P7: RTM | Q7: 0 | R7: 2.97 | S7: RTM | T7: 0 | U7: 3.61 | V7: DAM | W7: 0 | X7: 4.2 | Y7: DAM | Z7: 0 | AA7: 3.3 | AB7: RTM | AC7: 0 | AD7: 3.26 | AE7: RTM | AF7: 0 | AG7: 3.26 | AH7: RTM | AI7: 0 | AJ7: 3.95 | AK7: DAM | AL7: 0 | AM7: 3.77 | AN7: RTM | AO7: - | AP7: - | AQ7: - | AR7: - | AS7: - | AT7: - | AU7: - | AV7: - | AW7: - | AX7: - | AY7: - | AZ7: - | BA7: - | BB7: - | BC7: - | BD7: - | BE7: - | BF7: - | BG7: - | BH7: - | BI7: - | BJ7: 0 | BK7: 3.7 | BL7: RTM | BM7: 0 | BN7: 2 | BO7: RTM | BP7: 0 | BQ7: 3.16 | BR7: RTM | BS7: 0 | BT7: 2.5 | BU7: RTM | BV7: 0 | BW7: 3.41 | BX7: DAM | BY7: 0 | BZ7: 10 | CA7: DAM | CB7: - | CC7: - | CD7: - | CE7: - | CF7: - | CG7: - | CH7: 0 | CI7: 3.6 | CJ7: RTM | CK7: - | CL7: - | CM7: - | CN7: 0 | CO7: 4.1 | CP7: RTM
A8: 01:15 - 01:30 | B8: - | C8: - | D8: - | E8: 0 | F8: 3.6 | G8: RTM | H8: 0 | I8: 2.05 | J8: RTM | K8: 0 | L8: 3.33 | M8: DAM | N8: 0 | O8: 4 | P8: RTM | Q8: 0 | R8: 2.8 | S8: RTM | T8: 0 | U8: 3.4 | V8: DAM | W8: 0 | X8: 4.2 | Y8: DAM | Z8: 0 | AA8: 3.05 | AB8: RTM | AC8: 0 | AD8: 3.22 | AE8: RTM | AF8: 0 | AG8: 3.26 | AH8: RTM | AI8: 0 | AJ8: 3.78 | AK8: DAM | AL8: 0 | AM8: 3.6 | AN8: RTM | AO8: - | AP8: - | AQ8: - | AR8: - | AS8: - | AT8: - | AU8: - | AV8: - | AW8: - | AX8: - | AY8: - | AZ8: - | BA8: - | BB8: - | BC8: - | BD8: - | BE8: - | BF8: - | BG8: - | BH8: - | BI8: - | BJ8: 0 | BK8: 3.52 | BL8: RTM | BM8: 0 | BN8: 2 | BO8: RTM | BP8: 0 | BQ8: 2.62 | BR8: RTM | BS8: 0 | BT8: 2.19 | BU8: RTM | BV8: 0 | BW8: 3.3 | BX8: DAM | BY8: 0 | BZ8: 5.1 | CA8: DAM | CB8: - | CC8: - | CD8: - | CE8: 0 | CF8: 4.31 | CG8: RTM | CH8: 0 | CI8: 3.33 | CJ8: RTM | CK8: 0 | CL8: 4.04 | CM8: DAM | CN8: 0 | CO8: 3.6 | CP8: RTM
A9: 01:30 - 01:45 | B9: - | C9: - | D9: - | E9: 0 | F9: 2.5 | G9: RTM | H9: 0 | I9: 2.5 | J9: RTM | K9: 0 | L9: 3.15 | M9: DAM | N9: 0 | O9: 2.25 | P9: RTM | Q9: 0 | R9: 3.1 | S9: RTM | T9: 0 | U9: 3.61 | V9: DAM | W9: 0 | X9: 4.2 | Y9: DAM | Z9: 0 | AA9: 3 | AB9: RTM | AC9: 0 | AD9: 2.91 | AE9: RTM | AF9: 0 | AG9: 2.66 | AH9: RTM | AI9: 0 | AJ9: 3.61 | AK9: DAM | AL9: 0 | AM9: 2.55 | AN9: RTM | AO9: - | AP9: - | AQ9: - | AR9: - | AS9: - | AT9: - | AU9: - | AV9: - | AW9: - | AX9: - | AY9: - | AZ9: - | BA9: - | BB9: - | BC9: - | BD9: - | BE9: - | BF9: - | BG9: - | BH9: - | BI9: - | BJ9: 0 | BK9: 3.41 | BL9: RTM | BM9: 0 | BN9: 2.7 | BO9: RTM | BP9: 0 | BQ9: 2.95 | BR9: RTM | BS9: 0 | BT9: 2.84 | BU9: RTM | BV9: 0 | BW9: 3.16 | BX9: DAM | BY9: 0 | BZ9: 5 | CA9: DAM | CB9: 0 | CC9: 4.04 | CD9: RTM | CE9: 0 | CF9: 4.65 | CG9: RTM | CH9: 0 | CI9: 3.3 | CJ9: RTM | CK9: 0 | CL9: 3.83 | CM9: DAM | CN9: 0 | CO9: 3 | CP9: RTM
A10: 01:45 - 02:00 | B10: - | C10: - | D10: - | E10: 0.28 | F10: 1.8 | G10: RTM | H10: 0 | I10: 2.68 | J10: RTM | K10: 0 | L10: 3.39 | M10: DAM | N10: 0 | O10: 2.04 | P10: RTM | Q10: 0 | R10: 3.1 | S10: RTM | T10: 0 | U10: 3.46 | V10: DAM | W10: 0 | X10: 4.03 | Y10: DAM | Z10: 0 | AA10: 3 | AB10: RTM | AC10: 0 | AD10: 2.62 | AE10: RTM | AF10: 0 | AG10: 2.4 | AH10: RTM | AI10: 0 | AJ10: 3.61 | AK10: DAM | AL10: 0 | AM10: 2.66 | AN10: RTM | AO10: - | AP10: - | AQ10: - | AR10: - | AS10: - | AT10: - | AU10: - | AV10: - | AW10: - | AX10: - | AY10: - | AZ10: - | BA10: - | BB10: - | BC10: - | BD10: - | BE10: - | BF10: - | BG10: - | BH10: - | BI10: - | BJ10: 0 | BK10: 3.4 | BL10: RTM | BM10: 0 | BN10: 2.69 | BO10: RTM | BP10: 0 | BQ10: 3.14 | BR10: RTM | BS10: 0 | BT10: 2.84 | BU10: RTM | BV10: 0 | BW10: 3.21 | BX10: DAM | BY10: 0 | BZ10: 3.95 | CA10: DAM | CB10: 0 | CC10: 4 | CD10: RTM | CE10: 0 | CF10: 4.75 | CG10: RTM | CH10: 0 | CI10: 3.3 | CJ10: RTM | CK10: 0 | CL10: 3.68 | CM10: DAM | CN10: 0 | CO10: 3.1 | CP10: RTM
A11: 02:00 - 02:15 | B11: - | C11: - | D11: - | E11: 0.28 | F11: 1 | G11: RTM | H11: 0 | I11: 3 | J11: RTM | K11: 0 | L11: 3.11 | M11: DAM | N11: 0 | O11: 3 | P11: RTM | Q11: 0 | R11: 2.62 | S11: RTM | T11: 0 | U11: 3.31 | V11: DAM | W11: 0 | X11: 3.6 | Y11: DAM | Z11: 0 | AA11: 3.5 | AB11: RTM | AC11: 0 | AD11: 2.42 | AE11: RTM | AF11: 0 | AG11: 2.62 | AH11: RTM | AI11: 0 | AJ11: 3.5 | AK11: DAM | AL11: 0 | AM11: 4 | AN11: RTM | AO11: 0 | AP11: 10 | AQ11: DAM | AR11: - | AS11: - | AT11: - | AU11: - | AV11: - | AW11: - | AX11: - | AY11: - | AZ11: - | BA11: - | BB11: - | BC11: - | BD11: - | BE11: - | BF11: - | BG11: - | BH11: - | BI11: - | BJ11: 0 | BK11: 3.4 | BL11: RTM | BM11: 0 | BN11: 3 | BO11: RTM | BP11: 0 | BQ11: 3.22 | BR11: RTM | BS11: 0 | BT11: 2.77 | BU11: RTM | BV11: 0 | BW11: 3.11 | BX11: DAM | BY11: 0 | BZ11: 3.5 | CA11: DAM | CB11: 0 | CC11: 3.71 | CD11: RTM | CE11: 0 | CF11: 4.86 | CG11: RTM | CH11: 0 | CI11: 2.62 | CJ11: RTM | CK11: 0 | CL11: 3.63 | CM11: DAM | CN11: 0 | CO11: 3.63 | CP11: RTM
A12: 02:15 - 02:30 | B12: - | C12: - | D12: - | E12: 0.28 | F12: 1 | G12: RTM | H12: 0 | I12: 3 | J12: RTM | K12: 0 | L12: 3.04 | M12: DAM | N12: 0 | O12: 3 | P12: RTM | Q12: 0 | R12: 2.56 | S12: RTM | T12: 0 | U12: 3.23 | V12: DAM | W12: 0 | X12: 3.46 | Y12: DAM | Z12: 0 | AA12: 3.41 | AB12: RTM | AC12: 0 | AD12: 2.25 | AE12: RTM | AF12: 0 | AG12: 2.62 | AH12: RTM | AI12: 0 | AJ12: 3.5 | AK12: DAM | AL12: 0 | AM12: 4.09 | AN12: RTM | AO12: 0 | AP12: 10 | AQ12: DAM | AR12: - | AS12: - | AT12: - | AU12: - | AV12: - | AW12: - | AX12: - | AY12: - | AZ12: - | BA12: - | BB12: - | BC12: - | BD12: - | BE12: - | BF12: - | BG12: - | BH12: - | BI12: - | BJ12: 0 | BK12: 3.31 | BL12: RTM | BM12: 0 | BN12: 3 | BO12: RTM | BP12: 0 | BQ12: 3.18 | BR12: RTM | BS12: 0 | BT12: 2.77 | BU12: RTM | BV12: 0 | BW12: 3.06 | BX12: DAM | BY12: 0 | BZ12: 3.41 | CA12: DAM | CB12: 0 | CC12: 3.9 | CD12: RTM | CE12: 0 | CF12: 4.75 | CG12: RTM | CH12: 0 | CI12: 3 | CJ12: RTM | CK12: 0 | CL12: 3.68 | CM12: DAM | CN12: 0 | CO12: 3.85 | CP12: RTM
A13: 02:30 - 02:45 | B13: 0 | C13: 4 | D13: RTM | E13: 0.28 | F13: 0.4 | G13: RTM | H13: 0 | I13: 3.25 | J13: RTM | K13: 0 | L13: 3.13 | M13: DAM | N13: 0 | O13: 3.34 | P13: RTM | Q13: 0 | R13: 2.62 | S13: RTM | T13: 0 | U13: 3.1 | V13: DAM | W13: 0 | X13: 3.61 | Y13: DAM | Z13: 0 | AA13: 3.59 | AB13: RTM | AC13: 0 | AD13: 2.61 | AE13: RTM | AF13: 0 | AG13: 2.62 | AH13: RTM | AI13: 0 | AJ13: 3.61 | AK13: DAM | AL13: 0 | AM13: 3.78 | AN13: RTM | AO13: 0 | AP13: 10 | AQ13: DAM | AR13: - | AS13: - | AT13: - | AU13: - | AV13: - | AW13: - | AX13: - | AY13: - | AZ13: - | BA13: - | BB13: - | BC13: - | BD13: - | BE13: - | BF13: - | BG13: - | BH13: - | BI13: - | BJ13: 0 | BK13: 3.3 | BL13: RTM | BM13: 0 | BN13: 3.05 | BO13: RTM | BP13: 0 | BQ13: 2.6 | BR13: RTM | BS13: 0 | BT13: 2.54 | BU13: RTM | BV13: 0 | BW13: 3 | BX13: DAM | BY13: 0 | BZ13: 3.3 | CA13: DAM | CB13: 0 | CC13: 3.69 | CD13: RTM | CE13: 0 | CF13: 4.55 | CG13: RTM | CH13: 0 | CI13: 3.2 | CJ13: RTM | CK13: 0 | CL13: 3.68 | CM13: DAM | CN13: 0 | CO13: 3.95 | CP13: RTM
A14: 02:45 - 03:00 | B14: 0 | C14: 3.9 | D14: RTM | E14: 0.28 | F14: 1 | G14: RTM | H14: 0 | I14: 3.25 | J14: RTM | K14: 0 | L14: 3.11 | M14: DAM | N14: 0 | O14: 3.4 | P14: RTM | Q14: 0 | R14: 2.56 | S14: RTM | T14: 0 | U14: 3.2 | V14: DAM | W14: 0 | X14: 3.61 | Y14: DAM | Z14: 0 | AA14: 3.6 | AB14: RTM | AC14: 0 | AD14: 2.62 | AE14: RTM | AF14: 0 | AG14: 2.8 | AH14: RTM | AI14: 0 | AJ14: 3.61 | AK14: DAM | AL14: 0 | AM14: 3.85 | AN14: RTM | AO14: 0 | AP14: 10 | AQ14: DAM | AR14: - | AS14: - | AT14: - | AU14: - | AV14: - | AW14: - | AX14: - | AY14: - | AZ14: - | BA14: - | BB14: - | BC14: - | BD14: - | BE14: - | BF14: - | BG14: - | BH14: - | BI14: - | BJ14: 0 | BK14: 3.19 | BL14: RTM | BM14: 0 | BN14: 3 | BO14: RTM | BP14: 0 | BQ14: 2.52 | BR14: RTM | BS14: 0 | BT14: 3 | BU14: RTM | BV14: 0 | BW14: 3 | BX14: DAM | BY14: 0 | BZ14: 3.26 | CA14: DAM | CB14: 0 | CC14: 3.64 | CD14: RTM | CE14: 0 | CF14: 4.62 | CG14: RTM | CH14: 0 | CI14: 3.26 | CJ14: RTM | CK14: 0 | CL14: 3.68 | CM14: DAM | CN14: 0 | CO14: 3.95 | CP14: RTM
A15: 03:00 - 03:15 | B15: 0 | C15: 2.79 | D15: RTM | E15: 0.28 | F15: 1.54 | G15: RTM | H15: 0 | I15: 2.04 | J15: RTM | K15: 0 | L15: 3.25 | M15: DAM | N15: 0 | O15: 2.62 | P15: RTM | Q15: 0.28 | R15: 0.5 | S15: RTM | T15: 0 | U15: 3.23 | V15: DAM | W15: 0 | X15: 3.61 | Y15: DAM | Z15: 0 | AA15: 3.3 | AB15: RTM | AC15: 0 | AD15: 2.51 | AE15: RTM | AF15: 0 | AG15: 2.5 | AH15: RTM | AI15: 0 | AJ15: 3.57 | AK15: DAM | AL15: 0 | AM15: 3.02 | AN15: RTM | AO15: - | AP15: - | AQ15: - | AR15: - | AS15: - | AT15: - | AU15: - | AV15: - | AW15: - | AX15: - | AY15: - | AZ15: - | BA15: - | BB15: - | BC15: - | BD15: - | BE15: - | BF15: - | BG15: - | BH15: - | BI15: - | BJ15: 0 | BK15: 3.19 | BL15: RTM | BM15: 0 | BN15: 2.19 | BO15: RTM | BP15: 0.28 | BQ15: 1.94 | BR15: RTM | BS15: 0 | BT15: 2.42 | BU15: RTM | BV15: 0 | BW15: 3 | BX15: DAM | BY15: 0 | BZ15: 3.12 | CA15: DAM | CB15: 0 | CC15: 3.3 | CD15: RTM | CE15: 0 | CF15: 3.6 | CG15: RTM | CH15: 0 | CI15: 2.5 | CJ15: RTM | CK15: 0 | CL15: 3.6 | CM15: DAM | CN15: 0 | CO15: 3.6 | CP15: RTM
A16: 03:15 - 03:30 | B16: 0 | C16: 2.79 | D16: RTM | E16: 0.28 | F16: 1.4 | G16: RTM | H16: 0 | I16: 2.19 | J16: RTM | K16: 0 | L16: 3.25 | M16: DAM | N16: 0 | O16: 2.5 | P16: RTM | Q16: 0.28 | R16: 1.2 | S16: RTM | T16: 0 | U16: 3.23 | V16: DAM | W16: 0 | X16: 3.61 | Y16: DAM | Z16: 0 | AA16: 2.62 | AB16: RTM | AC16: 0 | AD16: 2.62 | AE16: RTM | AF16: 0 | AG16: 2.62 | AH16: RTM | AI16: 0 | AJ16: 3.61 | AK16: DAM | AL16: 0 | AM16: 3.15 | AN16: RTM | AO16: - | AP16: - | AQ16: - | AR16: - | AS16: - | AT16: - | AU16: - | AV16: - | AW16: - | AX16: - | AY16: - | AZ16: - | BA16: - | BB16: - | BC16: - | BD16: - | BE16: - | BF16: - | BG16: - | BH16: - | BI16: - | BJ16: 0 | BK16: 3.03 | BL16: RTM | BM16: 0 | BN16: 2.18 | BO16: RTM | BP16: 0 | BQ16: 2.04 | BR16: RTM | BS16: 0 | BT16: 2.61 | BU16: RTM | BV16: 0 | BW16: 3 | BX16: DAM | BY16: 0 | BZ16: 3.08 | CA16: DAM | CB16: 0 | CC16: 3.28 | CD16: RTM | CE16: 0 | CF16: 3.5 | CG16: RTM | CH16: 0 | CI16: 2.86 | CJ16: RTM | CK16: 0 | CL16: 3.5 | CM16: DAM | CN16: 0 | CO16: 3.4 | CP16: RTM
A17: 03:30 - 03:45 | B17: 0 | C17: 3.35 | D17: RTM | E17: 0 | F17: 2.53 | G17: RTM | H17: 0 | I17: 2.49 | J17: RTM | K17: 0 | L17: 3.25 | M17: DAM | N17: 0 | O17: 2.71 | P17: RTM | Q17: 0.28 | R17: 1.91 | S17: RTM | T17: 0 | U17: 3.23 | V17: DAM | W17: 0 | X17: 3.63 | Y17: DAM | Z17: 0 | AA17: 2.95 | AB17: RTM | AC17: 0 | AD17: 2.62 | AE17: RTM | AF17: 0 | AG17: 2.19 | AH17: RTM | AI17: 0 | AJ17: 3.61 | AK17: DAM | AL17: 0 | AM17: 3.3 | AN17: RTM | AO17: - | AP17: - | AQ17: - | AR17: - | AS17: - | AT17: - | AU17: - | AV17: - | AW17: - | AX17: - | AY17: - | AZ17: - | BA17: - | BB17: - | BC17: - | BD17: - | BE17: - | BF17: - | BG17: - | BH17: - | BI17: - | BJ17: 0 | BK17: 3 | BL17: RTM | BM17: 0 | BN17: 2 | BO17: RTM | BP17: 0 | BQ17: 2.52 | BR17: RTM | BS17: 0.28 | BT17: 1 | BU17: RTM | BV17: 0 | BW17: 2.91 | BX17: DAM | BY17: 0 | BZ17: 3.03 | CA17: DAM | CB17: 0 | CC17: 3.4 | CD17: RTM | CE17: 0 | CF17: 3.34 | CG17: RTM | CH17: 0 | CI17: 3.3 | CJ17: RTM | CK17: 0 | CL17: 3.4 | CM17: DAM | CN17: 0 | CO17: 3.16 | CP17: RTM
A18: 03:45 - 04:00 | B18: 0 | C18: 3.3 | D18: RTM | E18: 0 | F18: 2.5 | G18: RTM | H18: 0 | I18: 2.5 | J18: RTM | K18: 0 | L18: 3.4 | M18: DAM | N18: 0 | O18: 2.5 | P18: RTM | Q18: 0.28 | R18: 2 | S18: RTM | T18: 0 | U18: 3.23 | V18: DAM | W18: 0 | X18: 3.61 | Y18: DAM | Z18: 0 | AA18: 2.48 | AB18: RTM | AC18: 0 | AD18: 2.51 | AE18: RTM | AF18: 0 | AG18: 2.19 | AH18: RTM | AI18: 0 | AJ18: 3.61 | AK18: DAM | AL18: 0 | AM18: 3.1 | AN18: RTM | AO18: - | AP18: - | AQ18: - | AR18: - | AS18: - | AT18: - | AU18: - | AV18: - | AW18: - | AX18: - | AY18: - | AZ18: - | BA18: - | BB18: - | BC18: - | BD18: - | BE18: - | BF18: - | BG18: - | BH18: - | BI18: - | BJ18: 0 | BK18: 3 | BL18: RTM | BM18: 0.28 | BN18: 1.8 | BO18: RTM | BP18: 0 | BQ18: 2.55 | BR18: RTM | BS18: 0.28 | BT18: 0.11 | BU18: RTM | BV18: 0 | BW18: 2.91 | BX18: DAM | BY18: 0 | BZ18: 3.03 | CA18: DAM | CB18: 0 | CC18: 3.3 | CD18: RTM | CE18: 0 | CF18: 3.3 | CG18: RTM | CH18: 0 | CI18: 3.15 | CJ18: RTM | CK18: 0 | CL18: 3.36 | CM18: DAM | CN18: 0 | CO18: 2.04 | CP18: RTM
A19: 04:00 - 04:15 | B19: 0 | C19: 3.57 | D19: RTM | E19: 0.28 | F19: 0.5 | G19: RTM | H19: 0 | I19: 3 | J19: RTM | K19: 0 | L19: 3.4 | M19: DAM | N19: 0 | O19: 3.22 | P19: RTM | Q19: 0 | R19: 2.18 | S19: RTM | T19: 0 | U19: 3.26 | V19: DAM | W19: 0 | X19: 3.61 | Y19: DAM | Z19: 0 | AA19: 2.76 | AB19: RTM | AC19: 0 | AD19: 3 | AE19: RTM | AF19: 0 | AG19: 2.5 | AH19: RTM | AI19: 0 | AJ19: 3.61 | AK19: DAM | AL19: 0 | AM19: 3.36 | AN19: RTM | AO19: - | AP19: - | AQ19: - | AR19: - | AS19: - | AT19: - | AU19: - | AV19: - | AW19: - | AX19: - | AY19: - | AZ19: - | BA19: - | BB19: - | BC19: - | BD19: - | BE19: - | BF19: - | BG19: - | BH19: - | BI19: - | BJ19: 0 | BK19: 2.91 | BL19: RTM | BM19: 0 | BN19: 2.01 | BO19: RTM | BP19: 0 | BQ19: 2.52 | BR19: RTM | BS19: 0 | BT19: 2.5 | BU19: RTM | BV19: 0 | BW19: 2.9 | BX19: DAM | BY19: 0 | BZ19: 3.12 | CA19: DAM | CB19: 0 | CC19: 3.51 | CD19: RTM | CE19: 0 | CF19: 3.38 | CG19: RTM | CH19: 0 | CI19: 3.2 | CJ19: RTM | CK19: 0 | CL19: 3.3 | CM19: DAM | CN19: 0 | CO19: 2.6 | CP19: RTM
A20: 04:15 - 04:30 | B20: 0 | C20: 3.55 | D20: RTM | E20: 0.28 | F20: 0.5 | G20: RTM | H20: 0 | I20: 3 | J20: RTM | K20: 0 | L20: 3.5 | M20: DAM | N20: 0 | O20: 3.21 | P20: RTM | Q20: 0 | R20: 2.5 | S20: RTM | T20: 0 | U20: 3.28 | V20: DAM | W20: 0 | X20: 3.63 | Y20: DAM | Z20: 0 | AA20: 3.1 | AB20: RTM | AC20: 0 | AD20: 3 | AE20: RTM | AF20: 0 | AG20: 2.62 | AH20: RTM | AI20: 0 | AJ20: 3.61 | AK20: DAM | AL20: 0 | AM20: 3.5 | AN20: RTM | AO20: - | AP20: - | AQ20: - | AR20: - | AS20: - | AT20: - | AU20: - | AV20: - | AW20: - | AX20: - | AY20: - | AZ20: - | BA20: - | BB20: - | BC20: - | BD20: - | BE20: - | BF20: - | BG20: - | BH20: - | BI20: - | BJ20: 0 | BK20: 3 | BL20: RTM | BM20: 0 | BN20: 2.18 | BO20: RTM | BP20: 0 | BQ20: 2.54 | BR20: RTM | BS20: 0 | BT20: 2.59 | BU20: RTM | BV20: 0 | BW20: 2.9 | BX20: DAM | BY20: 0 | BZ20: 3.12 | CA20: DAM | CB20: 0 | CC20: 3.64 | CD20: RTM | CE20: 0 | CF20: 3.5 | CG20: RTM | CH20: 0 | CI20: 3.22 | CJ20: RTM | CK20: 0 | CL20: 3.26 | CM20: DAM | CN20: 0 | CO20: 2.85 | CP20: RTM
A21: 04:30 - 04:45 | B21: 0 | C21: 3.6 | D21: RTM | E21: 0.28 | F21: 0.1 | G21: RTM | H21: 0 | I21: 3.29 | J21: RTM | K21: 0 | L21: 3.61 | M21: DAM | N21: 0 | O21: 3.31 | P21: RTM | Q21: 0 | R21: 2.52 | S21: RTM | T21: 0 | U21: 3.28 | V21: DAM | W21: 0 | X21: 3.63 | Y21: DAM | Z21: 0 | AA21: 2.8 | AB21: RTM | AC21: 0 | AD21: 3.1 | AE21: RTM | AF21: 0 | AG21: 2.58 | AH21: RTM | AI21: 0 | AJ21: 3.61 | AK21: DAM | AL21: - | AM21: - | AN21: - | AO21: - | AP21: - | AQ21: - | AR21: - | AS21: - | AT21: - | AU21: - | AV21: - | AW21: - | AX21: - | AY21: - | AZ21: - | BA21: - | BB21: - | BC21: - | BD21: - | BE21: - | BF21: - | BG21: - | BH21: - | BI21: - | BJ21: 0 | BK21: 2.89 | BL21: RTM | BM21: 0 | BN21: 2.78 | BO21: RTM | BP21: 0 | BQ21: 2.58 | BR21: RTM | BS21: 0 | BT21: 2.04 | BU21: RTM | BV21: 0 | BW21: 2.89 | BX21: DAM | BY21: 0 | BZ21: 3.08 | CA21: DAM | CB21: 0 | CC21: 3.63 | CD21: RTM | CE21: 0 | CF21: 3.55 | CG21: RTM | CH21: 0 | CI21: 2.3 | CJ21: RTM | CK21: 0 | CL21: 3.26 | CM21: DAM | CN21: 0 | CO21: 3.25 | CP21: RTM
A22: 04:45 - 05:00 | B22: 0 | C22: 3.5 | D22: RTM | E22: 0.28 | F22: 0.8 | G22: RTM | H22: 0 | I22: 3.29 | J22: RTM | K22: 0 | L22: 3.61 | M22: DAM | N22: 0 | O22: 3.26 | P22: RTM | Q22: 0 | R22: 2.54 | S22: RTM | T22: 0 | U22: 3.28 | V22: DAM | W22: 0 | X22: 3.74 | Y22: DAM | Z22: 0 | AA22: 3.01 | AB22: RTM | AC22: 0 | AD22: 3 | AE22: RTM | AF22: 0 | AG22: 2.62 | AH22: RTM | AI22: 0 | AJ22: 3.63 | AK22: DAM | AL22: - | AM22: - | AN22: - | AO22: - | AP22: - | AQ22: - | AR22: - | AS22: - | AT22: - | AU22: - | AV22: - | AW22: - | AX22: - | AY22: - | AZ22: - | BA22: - | BB22: - | BC22: - | BD22: - | BE22: - | BF22: - | BG22: - | BH22: - | BI22: - | BJ22: 0 | BK22: 2.89 | BL22: RTM | BM22: 0 | BN22: 3 | BO22: RTM | BP22: 0 | BQ22: 2.54 | BR22: RTM | BS22: 0 | BT22: 2 | BU22: RTM | BV22: 0 | BW22: 3 | BX22: DAM | BY22: 0 | BZ22: 3.34 | CA22: DAM | CB22: - | CC22: - | CD22: - | CE22: 0 | CF22: 3.65 | CG22: RTM | CH22: 0 | CI22: 2.62 | CJ22: RTM | CK22: 0 | CL22: 3.5 | CM22: DAM | CN22: 0 | CO22: 3.31 | CP22: RTM
A23: 05:00 - 05:15 | B23: - | C23: - | D23: - | E23: 0 | F23: 2.49 | G23: RTM | H23: - | I23: - | J23: - | K23: 0 | L23: 3.61 | M23: DAM | N23: 0 | O23: 2.55 | P23: RTM | Q23: 0 | R23: 2.5 | S23: RTM | T23: - | U23: - | V23: - | W23: 0 | X23: 3.61 | Y23: DAM | Z23: - | AA23: - | AB23: - | AC23: - | AD23: - | AE23: - | AF23: - | AG23: - | AH23: - | AI23: - | AJ23: - | AK23: - | AL23: - | AM23: - | AN23: - | AO23: - | AP23: - | AQ23: - | AR23: - | AS23: - | AT23: - | AU23: - | AV23: - | AW23: - | AX23: - | AY23: - | AZ23: - | BA23: - | BB23: - | BC23: - | BD23: - | BE23: - | BF23: - | BG23: - | BH23: - | BI23: - | BJ23: - | BK23: - | BL23: - | BM23: - | BN23: - | BO23: - | BP23: - | BQ23: - | BR23: - | BS23: 0 | BT23: 2.56 | BU23: RTM | BV23: - | BW23: - | BX23: - | BY23: - | BZ23: - | CA23: - | CB23: - | CC23: - | CD23: - | CE23: - | CF23: - | CG23: - | CH23: - | CI23: - | CJ23: - | CK23: - | CL23: - | CM23: - | CN23: - | CO23: - | CP23: -
A24: 05:15 - 05:30 | B24: - | C24: - | D24: - | E24: 0 | F24: 2.53 | G24: RTM | H24: - | I24: - | J24: - | K24: 0 | L24: 3.76 | M24: DAM | N24: 0 | O24: 2.5 | P24: RTM | Q24: 0 | R24: 2.56 | S24: RTM | T24: - | U24: - | V24: - | W24: - | X24: - | Y24: - | Z24: - | AA24: - | AB24: - | AC24: - | AD24: - | AE24: - | AF24: - | AG24: - | AH24: - | AI24: - | AJ24: - | AK24: - | AL24: - | AM24: - | AN24: - | AO24: - | AP24: - | AQ24: - | AR24: - | AS24: - | AT24: - | AU24: - | AV24: - | AW24: - | AX24: - | AY24: - | AZ24: - | BA24: - | BB24: - | BC24: - | BD24: - | BE24: - | BF24: - | BG24: - | BH24: - | BI24: - | BJ24: - | BK24: - | BL24: - | BM24: - | BN24: - | BO24: - | BP24: - | BQ24: - | BR24: - | BS24: 0 | BT24: 2.65 | BU24: RTM | BV24: - | BW24: - | BX24: - | BY24: - | BZ24: - | CA24: - | CB24: - | CC24: - | CD24: - | CE24: - | CF24: - | CG24: - | CH24: - | CI24: - | CJ24: - | CK24: - | CL24: - | CM24: - | CN24: - | CO24: - | CP24: -
A25: 05:30 - 05:45 | B25: - | C25: - | D25: - | E25: 0 | F25: 2.62 | G25: RTM | H25: - | I25: - | J25: - | K25: - | L25: - | M25: - | N25: - | O25: - | P25: - | Q25: - | R25: - | S25: - | T25: - | U25: - | V25: - | W25: - | X25: - | Y25: - | Z25: - | AA25: - | AB25: - | AC25: - | AD25: - | AE25: - | AF25: - | AG25: - | AH25: - | AI25: - | AJ25: - | AK25: - | AL25: - | AM25: - | AN25: - | AO25: - | AP25: - | AQ25: - | AR25: - | AS25: - | AT25: - | AU25: - | AV25: - | AW25: - | AX25: - | AY25: - | AZ25: - | BA25: - | BB25: - | BC25: - | BD25: - | BE25: - | BF25: - | BG25: - | BH25: - | BI25: - | BJ25: - | BK25: - | BL25: - | BM25: - | BN25: - | BO25: - | BP25: - | BQ25: - | BR25: - | BS25: - | BT25: - | BU25: - | BV25: - | BW25: - | BX25: - | BY25: - | BZ25: - | CA25: - | CB25: - | CC25: - | CD25: - | CE25: - | CF25: - | CG25: - | CH25: - | CI25: - | CJ25: - | CK25: - | CL25: - | CM25: - | CN25: - | CO25: - | CP25: -
A26: 05:45 - 06:00 | B26: - | C26: - | D26: - | E26: 0 | F26: 2.62 | G26: RTM | H26: - | I26: - | J26: - | K26: - | L26: - | M26: - | N26: - | O26: - | P26: - | Q26: - | R26: - | S26: - | T26: - | U26: - | V26: - | W26: - | X26: - | Y26: - | Z26: - | AA26: - | AB26: - | AC26: - | AD26: - | AE26: - | AF26: - | AG26: - | AH26: - | AI26: - | AJ26: - | AK26: - | AL26: - | AM26: - | AN26: - | AO26: - | AP26: - | AQ26: - | AR26: - | AS26: - | AT26: - | AU26: - | AV26: - | AW26: - | AX26: - | AY26: - | AZ26: - | BA26: - | BB26: - | BC26: - | BD26: - | BE26: - | BF26: - | BG26: - | BH26: - | BI26: - | BJ26: - | BK26: - | BL26: - | BM26: - | BN26: - | BO26: - | BP26: - | BQ26: - | BR26: - | BS26: - | BT26: - | BU26: - | BV26: - | BW26: - | BX26: - | BY26: - | BZ26: - | CA26: - | CB26: - | CC26: - | CD26: - | CE26: - | CF26: - | CG26: - | CH26: - | CI26: - | CJ26: - | CK26: - | CL26: - | CM26: - | CN26: - | CO26: - | CP26: -
A27: 06:00 - 06:15 | B27: - | C27: - | D27: - | E27: 0 | F27: 2.78 | G27: RTM | H27: - | I27: - | J27: - | K27: - | L27: - | M27: - | N27: - | O27: - | P27: - | Q27: - | R27: - | S27: - | T27: - | U27: - | V27: - | W27: - | X27: - | Y27: - | Z27: - | AA27: - | AB27: - | AC27: - | AD27: - | AE27: - | AF27: - | AG27: - | AH27: - | AI27: - | AJ27: - | AK27: - | AL27: - | AM27: - | AN27: - | AO27: - | AP27: - | AQ27: - | AR27: - | AS27: - | AT27: - | AU27: - | AV27: - | AW27: - | AX27: - | AY27: - | AZ27: - | BA27: - | BB27: - | BC27: - | BD27: - | BE27: - | BF27: - | BG27: - | BH27: - | BI27: - | BJ27: - | BK27: - | BL27: - | BM27: - | BN27: - | BO27: - | BP27: - | BQ27: - | BR27: - | BS27: - | BT27: - | BU27: - | BV27: - | BW27: - | BX27: - | BY27: - | BZ27: - | CA27: - | CB27: - | CC27: - | CD27: - | CE27: - | CF27: - | CG27: - | CH27: - | CI27: - | CJ27: - | CK27: - | CL27: - | CM27: - | CN27: - | CO27: - | CP27: -
A28: 06:15 - 06:30 | B28: - | C28: - | D28: - | E28: 0 | F28: 2.6 | G28: RTM | H28: - | I28: - | J28: - | K28: - | L28: - | M28: - | N28: - | O28: - | P28: - | Q28: - | R28: - | S28: - | T28: - | U28: - | V28: - | W28: - | X28: - | Y28: - | Z28: - | AA28: - | AB28: - | AC28: - | AD28: - | AE28: - | AF28: - | AG28: - | AH28: - | AI28: - | AJ28: - | AK28: - | AL28: - | AM28: - | AN28: - | AO28: - | AP28: - | AQ28: - | AR28: - | AS28: - | AT28: - | AU28: - | AV28: - | AW28: - | AX28: - | AY28: - | AZ28: - | BA28: - | BB28: - | BC28: - | BD28: - | BE28: - | BF28: - | BG28: - | BH28: - | BI28: - | BJ28: - | BK28: - | BL28: - | BM28: - | BN28: - | BO28: - | BP28: - | BQ28: - | BR28: - | BS28: - | BT28: - | BU28: - | BV28: - | BW28: - | BX28: - | BY28: - | BZ28: - | CA28: - | CB28: - | CC28: - | CD28: - | CE28: - | CF28: - | CG28: - | CH28: - | CI28: - | CJ28: - | CK28: - | CL28: - | CM28: - | CN28: - | CO28: - | CP28: -
A29: 06:30 - 06:45 | B29: - | C29: - | D29: - | E29: - | F29: - | G29: - | H29: - | I29: - | J29: - | K29: - | L29: - | M29: - | N29: - | O29: - | P29: - | Q29: - | R29: - | S29: - | T29: - | U29: - | V29: - | W29: - | X29: - | Y29: - | Z29: - | AA29: - | AB29: - | AC29: - | AD29: - | AE29: - | AF29: - | AG29: - | AH29: - | AI29: - | AJ29: - | AK29: - | AL29: - | AM29: - | AN29: - | AO29: - | AP29: - | AQ29: - | AR29: - | AS29: - | AT29: - | AU29: - | AV29: - | AW29: - | AX29: - | AY29: - | AZ29: - | BA29: - | BB29: - | BC29: - | BD29: - | BE29: - | BF29: - | BG29: - | BH29: - | BI29: - | BJ29: - | BK29: - | BL29: - | BM29: - | BN29: - | BO29: - | BP29: - | BQ29: - | BR29: - | BS29: - | BT29: - | BU29: - | BV29: - | BW29: - | BX29: - | BY29: - | BZ29: - | CA29: - | CB29: - | CC29: - | CD29: - | CE29: - | CF29: - | CG29: - | CH29: - | CI29: - | CJ29: - | CK29: - | CL29: - | CM29: - | CN29: - | CO29: - | CP29: -
A30: 06:45 - 07:00 | B30: 0 | C30: 2.41 | D30: RTM | E30: 0 | F30: 2.62 | G30: RTM | H30: - | I30: - | J30: - | K30: - | L30: - | M30: - | N30: - | O30: - | P30: - | Q30: - | R30: - | S30: - | T30: - | U30: - | V30: - | W30: 0 | X30: 3.82 | Y30: DAM | Z30: - | AA30: - | AB30: - | AC30: - | AD30: - | AE30: - | AF30: - | AG30: - | AH30: - | AI30: - | AJ30: - | AK30: - | AL30: - | AM30: - | AN30: - | AO30: - | AP30: - | AQ30: - | AR30: - | AS30: - | AT30: - | AU30: - | AV30: - | AW30: - | AX30: - | AY30: - | AZ30: - | BA30: - | BB30: - | BC30: - | BD30: - | BE30: - | BF30: - | BG30: - | BH30: - | BI30: - | BJ30: - | BK30: - | BL30: - | BM30: - | BN30: - | BO30: - | BP30: - | BQ30: - | BR30: - | BS30: - | BT30: - | BU30: - | BV30: - | BW30: - | BX30: - | BY30: - | BZ30: - | CA30: - | CB30: - | CC30: - | CD30: - | CE30: - | CF30: - | CG30: - | CH30: - | CI30: - | CJ30: - | CK30: - | CL30: - | CM30: - | CN30: - | CO30: - | CP30: -
A31: 07:00 - 07:15 | B31: 0 | C31: 2.79 | D31: RTM | E31: 0 | F31: 2.19 | G31: RTM | H31: - | I31: - | J31: - | K31: - | L31: - | M31: - | N31: 0 | O31: 2.4 | P31: RTM | Q31: 0 | R31: 2.52 | S31: RTM | T31: - | U31: - | V31: - | W31: - | X31: - | Y31: - | Z31: - | AA31: - | AB31: - | AC31: - | AD31: - | AE31: - | AF31: 0 | AG31: 2.04 | AH31: RTM | AI31: 0 | AJ31: 3.41 | AK31: DAM | AL31: - | AM31: - | AN31: - | AO31: - | AP31: - | AQ31: - | AR31: - | AS31: - | AT31: - | AU31: - | AV31: - | AW31: - | AX31: - | AY31: - | AZ31: - | BA31: - | BB31: - | BC31: - | BD31: - | BE31: - | BF31: - | BG31: - | BH31: - | BI31: - | BJ31: - | BK31: - | BL31: - | BM31: - | BN31: - | BO31: - | BP31: - | BQ31: - | BR31: - | BS31: - | BT31: - | BU31: - | BV31: - | BW31: - | BX31: - | BY31: - | BZ31: - | CA31: - | CB31: - | CC31: - | CD31: - | CE31: - | CF31: - | CG31: - | CH31: - | CI31: - | CJ31: - | CK31: 0 | CL31: 5 | CM31: DAM | CN31: - | CO31: - | CP31: -
A32: 07:15 - 07:30 | B32: 0 | C32: 2.36 | D32: RTM | E32: 0 | F32: 2.19 | G32: RTM | H32: 0 | I32: 2.36 | J32: RTM | K32: - | L32: - | M32: - | N32: 0 | O32: 2.01 | P32: RTM | Q32: 0 | R32: 2.35 | S32: RTM | T32: - | U32: - | V32: - | W32: 0 | X32: 3.28 | Y32: DAM | Z32: - | AA32: - | AB32: - | AC32: - | AD32: - | AE32: - | AF32: 0 | AG32: 2.19 | AH32: RTM | AI32: 0 | AJ32: 3.23 | AK32: DAM | AL32: - | AM32: - | AN32: - | AO32: - | AP32: - | AQ32: - | AR32: - | AS32: - | AT32: - | AU32: - | AV32: - | AW32: - | AX32: - | AY32: - | AZ32: - | BA32: - | BB32: - | BC32: - | BD32: - | BE32: - | BF32: - | BG32: - | BH32: - | BI32: - | BJ32: - | BK32: - | BL32: - | BM32: - | BN32: - | BO32: - | BP32: - | BQ32: - | BR32: - | BS32: - | BT32: - | BU32: - | BV32: - | BW32: - | BX32: - | BY32: - | BZ32: - | CA32: - | CB32: - | CC32: - | CD32: - | CE32: - | CF32: - | CG32: - | CH32: 0 | CI32: 2.54 | CJ32: RTM | CK32: 0 | CL32: 4.08 | CM32: DAM | CN32: - | CO32: - | CP32: -
A33: 07:30 - 07:45 | B33: 0 | C33: 2.36 | D33: RTM | E33: 0 | F33: 2.02 | G33: RTM | H33: 0 | I33: 2.75 | J33: RTM | K33: 0 | L33: 3 | M33: DAM | N33: 0.28 | O33: 1 | P33: RTM | Q33: 0 | R33: 2.54 | S33: RTM | T33: 0 | U33: 2.9 | V33: DAM | W33: 0 | X33: 3 | Y33: DAM | Z33: 0 | AA33: 3.04 | AB33: RTM | AC33: 0 | AD33: 2.62 | AE33: RTM | AF33: 0 | AG33: 2.4 | AH33: RTM | AI33: 0 | AJ33: 2.53 | AK33: DAM | AL33: - | AM33: - | AN33: - | AO33: - | AP33: - | AQ33: - | AR33: - | AS33: - | AT33: - | AU33: - | AV33: - | AW33: - | AX33: - | AY33: - | AZ33: - | BA33: - | BB33: - | BC33: - | BD33: - | BE33: - | BF33: - | BG33: - | BH33: - | BI33: - | BJ33: - | BK33: - | BL33: - | BM33: - | BN33: - | BO33: - | BP33: 0 | BQ33: 2.54 | BR33: RTM | BS33: - | BT33: - | BU33: - | BV33: - | BW33: - | BX33: - | BY33: - | BZ33: - | CA33: - | CB33: - | CC33: - | CD33: - | CE33: 0 | CF33: 2.51 | CG33: RTM | CH33: 0 | CI33: 2.05 | CJ33: RTM | CK33: 0 | CL33: 3.54 | CM33: DAM | CN33: 0 | CO33: 2.5 | CP33: RTM
A34: 07:45 - 08:00 | B34: 0 | C34: 2.02 | D34: RTM | E34: 0 | F34: 2.31 | G34: RTM | H34: 0 | I34: 2.55 | J34: RTM | K34: 0 | L34: 2.52 | M34: DAM | N34: 0.28 | O34: 0.19 | P34: RTM | Q34: 0 | R34: 2.52 | S34: RTM | T34: 0 | U34: 2.56 | V34: DAM | W34: 0 | X34: 2.68 | Y34: DAM | Z34: 0 | AA34: 2.64 | AB34: RTM | AC34: 0 | AD34: 2.4 | AE34: RTM | AF34: 0 | AG34: 2.03 | AH34: RTM | AI34: 0 | AJ34: 2.33 | AK34: DAM | AL34: 0 | AM34: 2.19 | AN34: RTM | AO34: 0 | AP34: 3.54 | AQ34: DAM | AR34: - | AS34: - | AT34: - | AU34: - | AV34: - | AW34: - | AX34: - | AY34: - | AZ34: - | BA34: - | BB34: - | BC34: - | BD34: 0 | BE34: 2.65 | BF34: RTM | BG34: 0 | BH34: 2 | BI34: RTM | BJ34: 0.28 | BK34: 1.52 | BL34: RTM | BM34: - | BN34: - | BO34: - | BP34: 0.28 | BQ34: 1.8 | BR34: RTM | BS34: - | BT34: - | BU34: - | BV34: - | BW34: - | BX34: - | BY34: 0 | BZ34: 3.26 | CA34: DAM | CB34: 0.28 | CC34: 1.62 | CD34: RTM | CE34: 0.28 | CF34: 0.83 | CG34: RTM | CH34: 0.28 | CI34: 0.4 | CJ34: RTM | CK34: 0 | CL34: 3.36 | CM34: DAM | CN34: 0.28 | CO34: 0.02 | CP34: RTM
A35: 08:00 - 08:15 | B35: 0 | C35: 2.05 | D35: RTM | E35: 0 | F35: 2.01 | G35: RTM | H35: 0 | I35: 2.66 | J35: RTM | K35: 0.28 | L35: 1.92 | M35: DAM | N35: 0.28 | O35: 1.14 | P35: RTM | Q35: 0 | R35: 2.54 | S35: RTM | T35: 0 | U35: 2.46 | V35: DAM | W35: 0 | X35: 2.43 | Y35: DAM | Z35: 0 | AA35: 2.56 | AB35: RTM | AC35: 0 | AD35: 2.54 | AE35: RTM | AF35: 0.28 | AG35: 1.81 | AH35: RTM | AI35: 0.28 | AJ35: 1.87 | AK35: DAM | AL35: 0 | AM35: 2.42 | AN35: RTM | AO35: 0 | AP35: 3.2 | AQ35: DAM | AR35: - | AS35: - | AT35: - | AU35: - | AV35: - | AW35: - | AX35: - | AY35: - | AZ35: - | BA35: 0 | BB35: 2.71 | BC35: RTM | BD35: 0.28 | BE35: 0.5 | BF35: RTM | BG35: 0 | BH35: 2.39 | BI35: RTM | BJ35: 0 | BK35: 2.33 | BL35: RTM | BM35: - | BN35: - | BO35: - | BP35: 0 | BQ35: 2.52 | BR35: RTM | BS35: - | BT35: - | BU35: - | BV35: - | BW35: - | BX35: - | BY35: 0 | BZ35: 2.7 | CA35: DAM | CB35: 0.28 | CC35: 2 | CD35: RTM | CE35: 0.28 | CF35: 1.44 | CG35: RTM | CH35: 0 | CI35: 2.07 | CJ35: RTM | CK35: 0 | CL35: 2.53 | CM35: DAM | CN35: 0 | CO35: 2.07 | CP35: RTM
A36: 08:15 - 08:30 | B36: 0.28 | C36: 2 | D36: RTM | E36: 0.28 | F36: 1.02 | G36: RTM | H36: 0 | I36: 2.75 | J36: RTM | K36: 0.28 | L36: 1.39 | M36: DAM | N36: 0.28 | O36: 1.28 | P36: RTM | Q36: 0 | R36: 2.52 | S36: RTM | T36: 0 | U36: 2.46 | V36: DAM | W36: 0 | X36: 2.38 | Y36: DAM | Z36: 0 | AA36: 2.52 | AB36: RTM | AC36: 0 | AD36: 2.5 | AE36: RTM | AF36: 0.28 | AG36: 1.65 | AH36: RTM | AI36: 0.28 | AJ36: 1.44 | AK36: DAM | AL36: 0 | AM36: 2.56 | AN36: RTM | AO36: 0 | AP36: 2.56 | AQ36: DAM | AR36: 0 | AS36: 2.7 | AT36: DAM | AU36: - | AV36: - | AW36: - | AX36: - | AY36: - | AZ36: - | BA36: 0 | BB36: 2.5 | BC36: RTM | BD36: 0.28 | BE36: 2 | BF36: RTM | BG36: - | BH36: - | BI36: - | BJ36: - | BK36: - | BL36: - | BM36: - | BN36: - | BO36: - | BP36: - | BQ36: - | BR36: - | BS36: - | BT36: - | BU36: - | BV36: - | BW36: - | BX36: - | BY36: 0 | BZ36: 2.2 | CA36: DAM | CB36: 0 | CC36: 2.05 | CD36: RTM | CE36: 0.28 | CF36: 1.44 | CG36: RTM | CH36: 0 | CI36: 2.46 | CJ36: RTM | CK36: 0 | CL36: 2.19 | CM36: DAM | CN36: 0 | CO36: 2.07 | CP36: RTM
A37: 08:30 - 08:45 | B37: 0 | C37: 2.02 | D37: RTM | E37: 0.28 | F37: 0.4 | G37: RTM | H37: 0 | I37: 2.36 | J37: RTM | K37: 0.28 | L37: 1.21 | M37: DAM | N37: 0.28 | O37: 1.56 | P37: RTM | Q37: 0.28 | R37: 2.01 | S37: RTM | T37: 0 | U37: 2.15 | V37: DAM | W37: 0.28 | X37: 2 | Y37: DAM | Z37: 0 | AA37: 2.46 | AB37: RTM | AC37: 0 | AD37: 2.19 | AE37: RTM | AF37: 0.28 | AG37: 1.62 | AH37: RTM | AI37: 0.28 | AJ37: 1.5 | AK37: DAM | AL37: 0.28 | AM37: 0.75 | AN37: RTM | AO37: 0 | AP37: 2.52 | AQ37: DAM | AR37: 0 | AS37: 2.52 | AT37: DAM | AU37: - | AV37: - | AW37: - | AX37: - | AY37: - | AZ37: - | BA37: - | BB37: - | BC37: - | BD37: 0 | BE37: 2.5 | BF37: RTM | BG37: - | BH37: - | BI37: - | BJ37: - | BK37: - | BL37: - | BM37: - | BN37: - | BO37: - | BP37: - | BQ37: - | BR37: - | BS37: - | BT37: - | BU37: - | BV37: - | BW37: - | BX37: - | BY37: 0 | BZ37: 2.12 | CA37: DAM | CB37: 0.28 | CC37: 2 | CD37: RTM | CE37: 0 | CF37: 2.48 | CG37: RTM | CH37: 0 | CI37: 2.86 | CJ37: RTM | CK37: 0 | CL37: 2.04 | CM37: DAM | CN37: 0 | CO37: 2.82 | CP37: RTM
A38: 08:45 - 09:00 | B38: 0.28 | C38: 2.01 | D38: RTM | E38: 0.28 | F38: 0.1 | G38: RTM | H38: 0 | I38: 2.19 | J38: RTM | K38: 0.28 | L38: 1.1 | M38: DAM | N38: 0.28 | O38: 0.1 | P38: RTM | Q38: 0.28 | R38: 1.55 | S38: RTM | T38: 0.28 | U38: 1.95 | V38: DAM | W38: 0.28 | X38: 1.9 | Y38: DAM | Z38: 0 | AA38: 2.42 | AB38: RTM | AC38: 0 | AD38: 2.19 | AE38: RTM | AF38: 0.28 | AG38: 1.62 | AH38: RTM | AI38: 0.28 | AJ38: 1.17 | AK38: DAM | AL38: 0 | AM38: 2.4 | AN38: RTM | AO38: 0 | AP38: 2.38 | AQ38: DAM | AR38: 0 | AS38: 2.32 | AT38: DAM | AU38: - | AV38: - | AW38: - | AX38: - | AY38: - | AZ38: - | BA38: - | BB38: - | BC38: - | BD38: 0 | BE38: 2.52 | BF38: RTM | BG38: - | BH38: - | BI38: - | BJ38: - | BK38: - | BL38: - | BM38: 0 | BN38: 2.86 | BO38: RTM | BP38: - | BQ38: - | BR38: - | BS38: 0 | BT38: 3 | BU38: RTM | BV38: 0 | BW38: 2.67 | BX38: DAM | BY38: 0.28 | BZ38: 1.96 | CA38: DAM | CB38: 0.28 | CC38: 1.55 | CD38: RTM | CE38: 0 | CF38: 2.1 | CG38: RTM | CH38: 0 | CI38: 2.8 | CJ38: RTM | CK38: 0.28 | CL38: 2 | CM38: DAM | CN38: 0 | CO38: 2.79 | CP38: RTM
A39: 09:00 - 09:15 | B39: 0.28 | C39: 1.8 | D39: RTM | E39: 0.28 | F39: 0.05 | G39: RTM | H39: 0 | I39: 2.05 | J39: RTM | K39: 0.28 | L39: 0.5 | M39: DAM | N39: 0.28 | O39: 0.02 | P39: RTM | Q39: 0.28 | R39: 1.54 | S39: RTM | T39: 0.28 | U39: 1.5 | V39: DAM | W39: 0.28 | X39: 1.4 | Y39: DAM | Z39: 0 | AA39: 2.1 | AB39: RTM | AC39: 0.28 | AD39: 1.95 | AE39: RTM | AF39: 0.28 | AG39: 0.03 | AH39: RTM | AI39: 0.28 | AJ39: 0.66 | AK39: DAM | AL39: 0 | AM39: 2.1 | AN39: RTM | AO39: 0 | AP39: 2.32 | AQ39: DAM | AR39: 0 | AS39: 2.29 | AT39: DAM | AU39: - | AV39: - | AW39: - | AX39: - | AY39: - | AZ39: - | BA39: 0.28 | BB39: 2 | BC39: RTM | BD39: 0 | BE39: 2.56 | BF39: RTM | BG39: - | BH39: - | BI39: - | BJ39: 0 | BK39: 3.03 | BL39: RTM | BM39: 0 | BN39: 2.88 | BO39: RTM | BP39: - | BQ39: - | BR39: - | BS39: 0 | BT39: 2.75 | BU39: RTM | BV39: 0 | BW39: 2.54 | BX39: DAM | BY39: 0.28 | BZ39: 1.87 | CA39: DAM | CB39: 0.28 | CC39: 1.56 | CD39: RTM | CE39: 0 | CF39: 2.12 | CG39: RTM | CH39: 0 | CI39: 3.26 | CJ39: RTM | CK39: 0.28 | CL39: 1.93 | CM39: DAM | CN39: 0 | CO39: 2.86 | CP39: RTM
A40: 09:15 - 09:30 | B40: 0.28 | C40: 1.79 | D40: RTM | E40: 0.28 | F40: 0.4 | G40: RTM | H40: 0.28 | I40: 1.97 | J40: RTM | K40: 0.28 | L40: 0.5 | M40: DAM | N40: 0.28 | O40: 0.02 | P40: RTM | Q40: 0.28 | R40: 0.48 | S40: RTM | T40: 0.28 | U40: 1.4 | V40: DAM | W40: 0.28 | X40: 1.36 | Y40: DAM | Z40: 0 | AA40: 2.1 | AB40: RTM | AC40: 0.28 | AD40: 1.62 | AE40: RTM | AF40: 0.28 | AG40: 0.02 | AH40: RTM | AI40: 0.28 | AJ40: 0.35 | AK40: DAM | AL40: 0 | AM40: 2.13 | AN40: RTM | AO40: 0 | AP40: 2.29 | AQ40: DAM | AR40: 0 | AS40: 2.29 | AT40: DAM | AU40: - | AV40: - | AW40: - | AX40: - | AY40: - | AZ40: - | BA40: 0.28 | BB40: 1.62 | BC40: RTM | BD40: 0 | BE40: 2.5 | BF40: RTM | BG40: - | BH40: - | BI40: - | BJ40: 0 | BK40: 2.76 | BL40: RTM | BM40: 0 | BN40: 2.86 | BO40: RTM | BP40: 0 | BQ40: 2.6 | BR40: RTM | BS40: 0 | BT40: 2.05 | BU40: RTM | BV40: 0 | BW40: 2.48 | BX40: DAM | BY40: 0.28 | BZ40: 1.84 | CA40: DAM | CB40: 0.28 | CC40: 1.56 | CD40: RTM | CE40: 0.28 | CF40: 1.55 | CG40: RTM | CH40: 0 | CI40: 2.7 | CJ40: RTM | CK40: 0.28 | CL40: 1.84 | CM40: DAM | CN40: 0 | CO40: 2.55 | CP40: RTM
A41: 09:30 - 09:45 | B41: 0 | C41: 2.05 | D41: RTM | E41: 0.28 | F41: 1.4 | G41: RTM | H41: 0 | I41: 2.21 | J41: RTM | K41: 0.28 | L41: 0.65 | M41: DAM | N41: 0.28 | O41: 0.4 | P41: RTM | Q41: 0.28 | R41: 1.09 | S41: RTM | T41: 0.28 | U41: 1.33 | V41: DAM | W41: 0.28 | X41: 1.33 | Y41: DAM | Z41: 0.28 | AA41: 2 | AB41: RTM | AC41: 0.28 | AD41: 1.62 | AE41: RTM | AF41: 0.28 | AG41: 0.02 | AH41: RTM | AI41: 0.28 | AJ41: 0.25 | AK41: DAM | AL41: 0.28 | AM41: 1.81 | AN41: RTM | AO41: 0 | AP41: 2.03 | AQ41: DAM | AR41: 0 | AS41: 2.15 | AT41: DAM | AU41: 0 | AV41: 2.6 | AW41: DAM | AX41: 0 | AY41: 2.42 | AZ41: RTM | BA41: 0.28 | BB41: 2 | BC41: RTM | BD41: 0 | BE41: 2.6 | BF41: RTM | BG41: 0 | BH41: 3.28 | BI41: RTM | BJ41: 0 | BK41: 2.51 | BL41: RTM | BM41: 0 | BN41: 3.12 | BO41: RTM | BP41: 0 | BQ41: 2.8 | BR41: RTM | BS41: 0.28 | BT41: 0.05 | BU41: RTM | BV41: 0 | BW41: 2.17 | BX41: DAM | BY41: 0.28 | BZ41: 1.8 | CA41: DAM | CB41: 0 | CC41: 2.3 | CD41: RTM | CE41: 0.28 | CF41: 0.4 | CG41: RTM | CH41: 0 | CI41: 2.51 | CJ41: RTM | CK41: 0.28 | CL41: 1.75 | CM41: DAM | CN41: 0 | CO41: 2.05 | CP41: RTM
A42: 09:45 - 10:00 | B42: 0.28 | C42: 1.98 | D42: RTM | E42: 0.28 | F42: 1.37 | G42: RTM | H42: 0.28 | I42: 2 | J42: RTM | K42: 0.28 | L42: 0.65 | M42: DAM | N42: 0.28 | O42: 0.4 | P42: RTM | Q42: 0.28 | R42: 0.4 | S42: RTM | T42: 0.28 | U42: 1.33 | V42: DAM | W42: 0.28 | X42: 1.33 | Y42: DAM | Z42: 0.28 | AA42: 1.77 | AB42: RTM | AC42: 0.28 | AD42: 1.55 | AE42: RTM | AF42: 0.28 | AG42: 0.01 | AH42: RTM | AI42: 0.28 | AJ42: 0.25 | AK42: DAM | AL42: 0.28 | AM42: 1.56 | AN42: RTM | AO42: 0.28 | AP42: 1.95 | AQ42: DAM | AR42: 0.28 | AS42: 1.95 | AT42: DAM | AU42: 0 | AV42: 2.58 | AW42: DAM | AX42: 0 | AY42: 2.57 | AZ42: RTM | BA42: 0.28 | BB42: 1.82 | BC42: RTM | BD42: 0 | BE42: 2.35 | BF42: RTM | BG42: 0 | BH42: 2.89 | BI42: RTM | BJ42: 0 | BK42: 2.19 | BL42: RTM | BM42: 0 | BN42: 2.78 | BO42: RTM | BP42: 0 | BQ42: 2.8 | BR42: RTM | BS42: 0.28 | BT42: 0.05 | BU42: RTM | BV42: 0 | BW42: 2.1 | BX42: DAM | BY42: 0.28 | BZ42: 1.56 | CA42: DAM | CB42: 0 | CC42: 2.3 | CD42: RTM | CE42: 0.28 | CF42: 0.86 | CG42: RTM | CH42: 0 | CI42: 2.41 | CJ42: RTM | CK42: 0.28 | CL42: 1.57 | CM42: DAM | CN42: 0.28 | CO42: 1.46 | CP42: RTM
A43: 10:00 - 10:15 | B43: 0.28 | C43: 1.56 | D43: RTM | E43: 0.28 | F43: 0.4 | G43: RTM | H43: 0.28 | I43: 1.98 | J43: RTM | K43: 0.28 | L43: 0.5 | M43: DAM | N43: 0.28 | O43: 0.4 | P43: RTM | Q43: 0.28 | R43: 0.3 | S43: RTM | T43: 0.28 | U43: 1.29 | V43: DAM | W43: 0.28 | X43: 0.6 | Y43: DAM | Z43: 0.28 | AA43: 1.62 | AB43: RTM | AC43: 0.28 | AD43: 1 | AE43: RTM | AF43: 0.28 | AG43: 0.03 | AH43: RTM | AI43: 0.28 | AJ43: 0.25 | AK43: DAM | AL43: 0.28 | AM43: 1.55 | AN43: RTM | AO43: 0.28 | AP43: 1.65 | AQ43: DAM | AR43: 0.28 | AS43: 1.69 | AT43: DAM | AU43: 0 | AV43: 2.52 | AW43: DAM | AX43: 0 | AY43: 2.75 | AZ43: RTM | BA43: 0.28 | BB43: 1.44 | BC43: RTM | BD43: 0.28 | BE43: 1.75 | BF43: RTM | BG43: 0 | BH43: 2.42 | BI43: RTM | BJ43: 0 | BK43: 2.05 | BL43: RTM | BM43: 0 | BN43: 2.19 | BO43: RTM | BP43: 0 | BQ43: 2.42 | BR43: RTM | BS43: 0.28 | BT43: 0.4 | BU43: RTM | BV43: 0.28 | BW43: 1.84 | BX43: DAM | BY43: 0.28 | BZ43: 1.29 | CA43: DAM | CB43: 0 | CC43: 2.42 | CD43: RTM | CE43: 0.28 | CF43: 1.86 | CG43: RTM | CH43: 0 | CI43: 2.27 | CJ43: RTM | CK43: 0.28 | CL43: 1.5 | CM43: DAM | CN43: 0.28 | CO43: 1.09 | CP43: RTM
A44: 10:15 - 10:30 | B44: 0.28 | C44: 1.56 | D44: RTM | E44: 0.28 | F44: 0.4 | G44: RTM | H44: 0.28 | I44: 1.62 | J44: RTM | K44: 0.28 | L44: 0.3 | M44: DAM | N44: 0.28 | O44: 0.4 | P44: RTM | Q44: 0.28 | R44: 0.4 | S44: RTM | T44: 0.28 | U44: 1.1 | V44: DAM | W44: 0.28 | X44: 0.87 | Y44: DAM | Z44: 0.28 | AA44: 1.55 | AB44: RTM | AC44: 0.28 | AD44: 1.44 | AE44: RTM | AF44: 0.28 | AG44: 0.05 | AH44: RTM | AI44: 0.28 | AJ44: 0.25 | AK44: DAM | AL44: 0.28 | AM44: 1.44 | AN44: RTM | AO44: 0.28 | AP44: 1.62 | AQ44: DAM | AR44: 0.28 | AS44: 1.65 | AT44: DAM | AU44: 0 | AV44: 2.52 | AW44: DAM | AX44: 0 | AY44: 3 | AZ44: RTM | BA44: 0 | BB44: 2.25 | BC44: RTM | BD44: 0.28 | BE44: 1.01 | BF44: RTM | BG44: 0 | BH44: 2.56 | BI44: RTM | BJ44: 0 | BK44: 2.09 | BL44: RTM | BM44: 0 | BN44: 2.19 | BO44: RTM | BP44: 0 | BQ44: 2.42 | BR44: RTM | BS44: 0.28 | BT44: 1.44 | BU44: RTM | BV44: 0.28 | BW44: 1.84 | BX44: DAM | BY44: 0.28 | BZ44: 1.12 | CA44: DAM | CB44: 0 | CC44: 2.4 | CD44: RTM | CE44: 0.28 | CF44: 1.96 | CG44: RTM | CH44: 0 | CI44: 2.03 | CJ44: RTM | CK44: 0.28 | CL44: 1.37 | CM44: DAM | CN44: 0.28 | CO44: 1.9 | CP44: RTM
A45: 10:30 - 10:45 | B45: 0.28 | C45: 0.75 | D45: RTM | E45: 0.28 | F45: 0.4 | G45: RTM | H45: 0.28 | I45: 1.42 | J45: RTM | K45: 0.28 | L45: 0.4 | M45: DAM | N45: 0.28 | O45: 0.4 | P45: RTM | Q45: 0.28 | R45: 1.27 | S45: RTM | T45: 0.28 | U45: 1 | V45: DAM | W45: 0.28 | X45: 0.6 | Y45: DAM | Z45: 0.28 | AA45: 1.37 | AB45: RTM | AC45: 0.28 | AD45: 1.46 | AE45: RTM | AF45: 0.28 | AG45: 0.4 | AH45: RTM | AI45: 0.28 | AJ45: 0.25 | AK45: DAM | AL45: 0.28 | AM45: 1.75 | AN45: RTM | AO45: 0.28 | AP45: 1.55 | AQ45: DAM | AR45: 0.28 | AS45: 1.62 | AT45: DAM | AU45: 0 | AV45: 2.5 | AW45: DAM | AX45: 0 | AY45: 3.12 | AZ45: RTM | BA45: 0 | BB45: 2.58 | BC45: RTM | BD45: 0 | BE45: 2.42 | BF45: RTM | BG45: 0 | BH45: 2.89 | BI45: RTM | BJ45: 0 | BK45: 2.2 | BL45: RTM | BM45: 0 | BN45: 2.11 | BO45: RTM | BP45: 0 | BQ45: 2.05 | BR45: RTM | BS45: 0.28 | BT45: 1.36 | BU45: RTM | BV45: 0.28 | BW45: 1.81 | BX45: DAM | BY45: 0.28 | BZ45: 1.12 | CA45: DAM | CB45: 0.28 | CC45: 1.63 | CD45: RTM | CE45: 0.28 | CF45: 1.56 | CG45: RTM | CH45: 0 | CI45: 2 | CJ45: RTM | CK45: 0.28 | CL45: 1.29 | CM45: DAM | CN45: 0.28 | CO45: 0.1 | CP45: RTM
A46: 10:45 - 11:00 | B46: 0.28 | C46: 0.4 | D46: RTM | E46: 0.28 | F46: 0.4 | G46: RTM | H46: 0.28 | I46: 1.41 | J46: RTM | K46: 0.28 | L46: 0.4 | M46: DAM | N46: 0.28 | O46: 0.1 | P46: RTM | Q46: 0.28 | R46: 1.27 | S46: RTM | T46: 0.28 | U46: 1 | V46: DAM | W46: 0.28 | X46: 0.5 | Y46: DAM | Z46: 0.28 | AA46: 1.37 | AB46: RTM | AC46: 0.28 | AD46: 1.46 | AE46: RTM | AF46: 0.28 | AG46: 0.4 | AH46: RTM | AI46: 0.28 | AJ46: 0.25 | AK46: DAM | AL46: 0.28 | AM46: 1.85 | AN46: RTM | AO46: 0.28 | AP46: 1.54 | AQ46: DAM | AR46: 0.28 | AS46: 1.62 | AT46: DAM | AU46: 0 | AV46: 2.32 | AW46: DAM | AX46: 0 | AY46: 3.15 | AZ46: RTM | BA46: 0 | BB46: 2.6 | BC46: RTM | BD46: 0 | BE46: 2.42 | BF46: RTM | BG46: 0 | BH46: 2.87 | BI46: RTM | BJ46: 0 | BK46: 2.03 | BL46: RTM | BM46: 0 | BN46: 2.07 | BO46: RTM | BP46: 0 | BQ46: 2.05 | BR46: RTM | BS46: 0.28 | BT46: 1.63 | BU46: RTM | BV46: 0.28 | BW46: 1.75 | BX46: DAM | BY46: 0.28 | BZ46: 1.12 | CA46: DAM | CB46: 0.28 | CC46: 1.89 | CD46: RTM | CE46: 0.28 | CF46: 1.55 | CG46: RTM | CH46: 0.28 | CI46: 1.96 | CJ46: RTM | CK46: 0.28 | CL46: 1.12 | CM46: DAM | CN46: 0.28 | CO46: 0.1 | CP46: RTM
A47: 11:00 - 11:15 | B47: 0.28 | C47: 1.56 | D47: RTM | E47: 0.28 | F47: 0.4 | G47: RTM | H47: 0.28 | I47: 1.01 | J47: RTM | K47: 0.28 | L47: 0.3 | M47: DAM | N47: 0.28 | O47: 0.04 | P47: RTM | Q47: 0.28 | R47: 1.27 | S47: RTM | T47: 0.28 | U47: 1.09 | V47: DAM | W47: 0.28 | X47: 0.5 | Y47: DAM | Z47: 0.28 | AA47: 1.62 | AB47: RTM | AC47: 0.28 | AD47: 1.27 | AE47: RTM | AF47: 0.28 | AG47: 0.4 | AH47: RTM | AI47: 0.28 | AJ47: 0.25 | AK47: DAM | AL47: 0.28 | AM47: 1.56 | AN47: RTM | AO47: 0.28 | AP47: 1.54 | AQ47: DAM | AR47: 0.28 | AS47: 1.6 | AT47: DAM | AU47: 0 | AV47: 2.32 | AW47: DAM | AX47: 0 | AY47: 2.63 | AZ47: RTM | BA47: 0 | BB47: 2.56 | BC47: RTM | BD47: 0 | BE47: 2.02 | BF47: RTM | BG47: 0 | BH47: 2.65 | BI47: RTM | BJ47: 0.28 | BK47: 1.5 | BL47: RTM | BM47: 0 | BN47: 2.07 | BO47: RTM | BP47: 0.28 | BQ47: 1.04 | BR47: RTM | BS47: 0 | BT47: 2.41 | BU47: RTM | BV47: 0.28 | BW47: 1.62 | BX47: DAM | BY47: 0.28 | BZ47: 1.12 | CA47: DAM | CB47: 0.28 | CC47: 1.85 | CD47: RTM | CE47: 0.28 | CF47: 1.36 | CG47: RTM | CH47: 0.28 | CI47: 1.55 | CJ47: RTM | CK47: 0.28 | CL47: 1.12 | CM47: DAM | CN47: 0.28 | CO47: 1.55 | CP47: RTM
A48: 11:15 - 11:30 | B48: 0.28 | C48: 1.56 | D48: RTM | E48: 0.28 | F48: 1.22 | G48: RTM | H48: 0.28 | I48: 1.42 | J48: RTM | K48: 0.28 | L48: 0.3 | M48: DAM | N48: 0.28 | O48: 0.04 | P48: RTM | Q48: 0.28 | R48: 1.33 | S48: RTM | T48: 0.28 | U48: 1.09 | V48: DAM | W48: 0.28 | X48: 0.5 | Y48: DAM | Z48: 0.28 | AA48: 1.62 | AB48: RTM | AC48: 0.28 | AD48: 1.11 | AE48: RTM | AF48: 0.28 | AG48: 0.4 | AH48: RTM | AI48: 0.28 | AJ48: 0.25 | AK48: DAM | AL48: 0.28 | AM48: 1.55 | AN48: RTM | AO48: 0.28 | AP48: 1.54 | AQ48: DAM | AR48: 0.28 | AS48: 1.56 | AT48: DAM | AU48: 0 | AV48: 2.32 | AW48: DAM | AX48: 0 | AY48: 2.58 | AZ48: RTM | BA48: 0 | BB48: 2.6 | BC48: RTM | BD48: 0.28 | BE48: 1.96 | BF48: RTM | BG48: 0 | BH48: 2.46 | BI48: RTM | BJ48: 0.28 | BK48: 1.8 | BL48: RTM | BM48: 0 | BN48: 2.46 | BO48: RTM | BP48: 0.28 | BQ48: 1.21 | BR48: RTM | BS48: 0 | BT48: 2.3 | BU48: RTM | BV48: 0.28 | BW48: 1.62 | BX48: DAM | BY48: 0.28 | BZ48: 1.12 | CA48: DAM | CB48: 0.28 | CC48: 1.96 | CD48: RTM | CE48: 0.28 | CF48: 1.2 | CG48: RTM | CH48: 0.28 | CI48: 1.95 | CJ48: RTM | CK48: 0.28 | CL48: 1.12 | CM48: DAM | CN48: 0.28 | CO48: 1.6 | CP48: RTM
A49: 11:30 - 11:45 | B49: 0.28 | C49: 1.44 | D49: RTM | E49: 0.28 | F49: 0.4 | G49: RTM | H49: 0.28 | I49: 0.4 | J49: RTM | K49: 0.28 | L49: 0.3 | M49: DAM | N49: 0.28 | O49: 0.05 | P49: RTM | Q49: 0.28 | R49: 0.4 | S49: RTM | T49: 0.28 | U49: 1.09 | V49: DAM | W49: 0.28 | X49: 0.3 | Y49: DAM | Z49: 0.28 | AA49: 1.27 | AB49: RTM | AC49: 0.28 | AD49: 1 | AE49: RTM | AF49: 0.28 | AG49: 0.4 | AH49: RTM | AI49: 0.28 | AJ49: 0.25 | AK49: DAM | AL49: 0.28 | AM49: 1.57 | AN49: RTM | AO49: 0.28 | AP49: 1.5 | AQ49: DAM | AR49: 0.28 | AS49: 1.56 | AT49: DAM | AU49: 0 | AV49: 2.29 | AW49: DAM | AX49: 0 | AY49: 2.5 | AZ49: RTM | BA49: 0 | BB49: 2.46 | BC49: RTM | BD49: 0.28 | BE49: 1.75 | BF49: RTM | BG49: 0 | BH49: 2.05 | BI49: RTM | BJ49: 0 | BK49: 2.03 | BL49: RTM | BM49: 0 | BN49: 2.07 | BO49: RTM | BP49: 0.28 | BQ49: 0.4 | BR49: RTM | BS49: 0 | BT49: 2.05 | BU49: RTM | BV49: 0.28 | BW49: 1.56 | BX49: DAM | BY49: 0.28 | BZ49: 1.12 | CA49: DAM | CB49: 0 | CC49: 2.24 | CD49: RTM | CE49: 0.28 | CF49: 0.44 | CG49: RTM | CH49: 0 | CI49: 2 | CJ49: RTM | CK49: 0.28 | CL49: 1.12 | CM49: DAM | CN49: 0.28 | CO49: 1.6 | CP49: RTM
A50: 11:45 - 12:00 | B50: 0.28 | C50: 1.54 | D50: RTM | E50: 0.28 | F50: 0.4 | G50: RTM | H50: 0.28 | I50: 0.4 | J50: RTM | K50: 0.28 | L50: 0.3 | M50: DAM | N50: 0.28 | O50: 0.05 | P50: RTM | Q50: 0.28 | R50: 0.4 | S50: RTM | T50: 0.28 | U50: 1.09 | V50: DAM | W50: 0.28 | X50: 0.5 | Y50: DAM | Z50: 0.28 | AA50: 1.3 | AB50: RTM | AC50: 0.28 | AD50: 1.2 | AE50: RTM | AF50: 0.28 | AG50: 0.4 | AH50: RTM | AI50: 0.28 | AJ50: 0.25 | AK50: DAM | AL50: 0.28 | AM50: 1.62 | AN50: RTM | AO50: 0.28 | AP50: 1.44 | AQ50: DAM | AR50: 0.28 | AS50: 1.55 | AT50: DAM | AU50: 0 | AV50: 2.29 | AW50: DAM | AX50: 0 | AY50: 2.47 | AZ50: RTM | BA50: 0 | BB50: 2.35 | BC50: RTM | BD50: 0.28 | BE50: 1.75 | BF50: RTM | BG50: 0 | BH50: 2.05 | BI50: RTM | BJ50: 0 | BK50: 2.03 | BL50: RTM | BM50: 0 | BN50: 2 | BO50: RTM | BP50: 0.28 | BQ50: 0.4 | BR50: RTM | BS50: 0.28 | BT50: 1.69 | BU50: RTM | BV50: 0.28 | BW50: 1.56 | BX50: DAM | BY50: 0.28 | BZ50: 1.12 | CA50: DAM | CB50: 0 | CC50: 2.5 | CD50: RTM | CE50: 0.28 | CF50: 1.55 | CG50: RTM | CH50: 0 | CI50: 2.05 | CJ50: RTM | CK50: 0.28 | CL50: 1.12 | CM50: DAM | CN50: 0.28 | CO50: 1.62 | CP50: RTM
A51: 12:00 - 12:15 | B51: 0.28 | C51: 1 | D51: RTM | E51: 0.28 | F51: 0.4 | G51: RTM | H51: 0.28 | I51: 1.42 | J51: RTM | K51: 0.28 | L51: 0.3 | M51: DAM | N51: 0.28 | O51: 0.05 | P51: RTM | Q51: 0.28 | R51: 0.4 | S51: RTM | T51: 0.28 | U51: 1 | V51: DAM | W51: 0.28 | X51: 0.3 | Y51: DAM | Z51: 0.28 | AA51: 0.4 | AB51: RTM | AC51: 0.28 | AD51: 1.27 | AE51: RTM | AF51: 0.28 | AG51: 0.4 | AH51: RTM | AI51: 0.28 | AJ51: 0.2 | AK51: DAM | AL51: 0.28 | AM51: 1.27 | AN51: RTM | AO51: 0.28 | AP51: 1.4 | AQ51: DAM | AR51: 0.28 | AS51: 1.48 | AT51: DAM | AU51: 0 | AV51: 2.2 | AW51: DAM | AX51: 0 | AY51: 2 | AZ51: RTM | BA51: 0 | BB51: 2.07 | BC51: RTM | BD51: 0.28 | BE51: 1.21 | BF51: RTM | BG51: 0.28 | BH51: 1.16 | BI51: RTM | BJ51: 0 | BK51: 2 | BL51: RTM | BM51: 0.28 | BN51: 1.35 | BO51: RTM | BP51: 0.28 | BQ51: 1.85 | BR51: RTM | BS51: 0.28 | BT51: 1.61 | BU51: RTM | BV51: 0.28 | BW51: 1.55 | BX51: DAM | BY51: 0.28 | BZ51: 1.12 | CA51: DAM | CB51: 0 | CC51: 2.03 | CD51: RTM | CE51: 0.28 | CF51: 1.57 | CG51: RTM | CH51: 0.28 | CI51: 1.96 | CJ51: RTM | CK51: 0.28 | CL51: 1.12 | CM51: DAM | CN51: 0 | CO51: 2.33 | CP51: RTM
A52: 12:15 - 12:30 | B52: 0.28 | C52: 1 | D52: RTM | E52: 0.28 | F52: 0.4 | G52: RTM | H52: 0.28 | I52: 1.42 | J52: RTM | K52: 0.28 | L52: 0.3 | M52: DAM | N52: 0.28 | O52: 0.05 | P52: RTM | Q52: 0.28 | R52: 0.3 | S52: RTM | T52: 0.28 | U52: 1 | V52: DAM | W52: 0.28 | X52: 0.3 | Y52: DAM | Z52: 0.28 | AA52: 0.4 | AB52: RTM | AC52: 0.28 | AD52: 1 | AE52: RTM | AF52: 0.28 | AG52: 0.4 | AH52: RTM | AI52: 0.28 | AJ52: 0.2 | AK52: DAM | AL52: 0.28 | AM52: 1.27 | AN52: RTM | AO52: 0.28 | AP52: 1.33 | AQ52: DAM | AR52: 0.28 | AS52: 1.54 | AT52: DAM | AU52: 0 | AV52: 2.19 | AW52: DAM | AX52: 0.28 | AY52: 1.91 | AZ52: RTM | BA52: 0.28 | BB52: 1.8 | BC52: RTM | BD52: 0.28 | BE52: 1.56 | BF52: RTM | BG52: 0.28 | BH52: 1.44 | BI52: RTM | BJ52: 0 | BK52: 2 | BL52: RTM | BM52: 0.28 | BN52: 1.55 | BO52: RTM | BP52: 0 | BQ52: 2.03 | BR52: RTM | BS52: 0.28 | BT52: 1.61 | BU52: RTM | BV52: 0.28 | BW52: 1.55 | BX52: DAM | BY52: 0.28 | BZ52: 1.12 | CA52: DAM | CB52: 0 | CC52: 2.05 | CD52: RTM | CE52: 0.28 | CF52: 1.56 | CG52: RTM | CH52: 0 | CI52: 2 | CJ52: RTM | CK52: 0.28 | CL52: 1.12 | CM52: DAM | CN52: 0 | CO52: 2.42 | CP52: RTM
... A68: 16:15 - 16:30 | B68: 0.28 | C68: 1.8 | D68: RTM | E68: 0.28 | F68: 1 | G68: RTM | H68: 0 | I68: 2.58 | J68: RTM | K68: 0 | L68: 2.07 | M68: DAM | N68: 0.28 | O68: 0 | P68: RTM | Q68: 0 | R68: 2.5 | S68: RTM | T68: 0 | U68: 2.23 | V68: DAM | W68: 0.28 | X68: 1.95 | Y68: DAM | Z68: 0 | AA68: 2.03 | AB68: RTM | AC68: 0 | AD68: 2.14 | AE68: RTM | AF68: 0 | AG68: 2.07 | AH68: RTM | AI68: 0.28 | AJ68: 1.24 | AK68: DAM | AL68: 0 | AM68: 3.05 | AN68: RTM | AO68: 0 | AP68: 2.52 | AQ68: DAM | AR68: 0 | AS68: 3.15 | AT68: DAM | AU68: 0 | AV68: 3.52 | AW68: DAM | AX68: 0 | AY68: 3 | AZ68: RTM | BA68: 0 | BB68: 2.66 | BC68: RTM | BD68: 0 | BE68: 2.52 | BF68: RTM | BG68: 0 | BH68: 3.01 | BI68: RTM | BJ68: 0 | BK68: 2.65 | BL68: RTM | BM68: 0 | BN68: 2.56 | BO68: RTM | BP68: 0 | BQ68: 3.25 | BR68: RTM | BS68: 0 | BT68: 3.5 | BU68: RTM | BV68: 0 | BW68: 3.26 | BX68: DAM | BY68: 0 | BZ68: 2.41 | CA68: DAM | CB68: 0 | CC68: 3.01 | CD68: RTM | CE68: 0.28 | CF68: 1.79 | CG68: RTM | CH68: 0 | CI68: 3.5 | CJ68: RTM | CK68: 0 | CL68: 2.11 | CM68: DAM | CN68: 0.28 | CO68: 1.5 | CP68: RTM
A69: 16:30 - 16:45 | B69: 0.28 | C69: 1.48 | D69: RTM | E69: 0.28 | F69: 1.01 | G69: RTM | H69: 0 | I69: 2.89 | J69: RTM | K69: 0 | L69: 2.22 | M69: DAM | N69: 0.28 | O69: 0 | P69: RTM | Q69: 0 | R69: 2.7 | S69: RTM | T69: 0 | U69: 2.4 | V69: DAM | W69: 0 | X69: 2.08 | Y69: DAM | Z69: 0 | AA69: 2.32 | AB69: RTM | AC69: 0 | AD69: 2.42 | AE69: RTM | AF69: 0 | AG69: 2.23 | AH69: RTM | AI69: 0.28 | AJ69: 1.23 | AK69: DAM | AL69: 0 | AM69: 2.8 | AN69: RTM | AO69: 0 | AP69: 2.58 | AQ69: DAM | AR69: 0 | AS69: 3.31 | AT69: DAM | AU69: - | AV69: - | AW69: - | AX69: 0 | AY69: 3.36 | AZ69: RTM | BA69: 0 | BB69: 2.31 | BC69: RTM | BD69: 0 | BE69: 2.45 | BF69: RTM | BG69: 0 | BH69: 3.01 | BI69: RTM | BJ69: 0 | BK69: 3.28 | BL69: RTM | BM69: 0 | BN69: 3.38 | BO69: RTM | BP69: 0 | BQ69: 3.41 | BR69: RTM | BS69: 0 | BT69: 3.34 | BU69: RTM | BV69: 0 | BW69: 3.37 | BX69: DAM | BY69: 0 | BZ69: 2.62 | CA69: DAM | CB69: 0 | CC69: 3 | CD69: RTM | CE69: 0.28 | CF69: 1.56 | CG69: RTM | CH69: 0 | CI69: 3.4 | CJ69: RTM | CK69: 0 | CL69: 2.16 | CM69: DAM | CN69: 0 | CO69: 3.51 | CP69: RTM
A70: 16:45 - 17:00 | B70: 0.28 | C70: 1.8 | D70: RTM | E70: 0.28 | F70: 1.38 | G70: RTM | H70: 0 | I70: 3.06 | J70: RTM | K70: 0 | L70: 2.32 | M70: DAM | N70: 0.28 | O70: 0 | P70: RTM | Q70: 0 | R70: 2.74 | S70: RTM | T70: 0 | U70: 2.43 | V70: DAM | W70: 0 | X70: 2.34 | Y70: DAM | Z70: 0 | AA70: 2.52 | AB70: RTM | AC70: 0 | AD70: 2.54 | AE70: RTM | AF70: 0 | AG70: 2.52 | AH70: RTM | AI70: 0.28 | AJ70: 1.23 | AK70: DAM | AL70: 0 | AM70: 3.22 | AN70: RTM | AO70: 0 | AP70: 2.58 | AQ70: DAM | AR70: 0 | AS70: 3.41 | AT70: DAM | AU70: - | AV70: - | AW70: - | AX70: 0 | AY70: 3.36 | AZ70: RTM | BA70: 0.28 | BB70: 1.57 | BC70: RTM | BD70: 0 | BE70: 2.64 | BF70: RTM | BG70: 0 | BH70: 3.01 | BI70: RTM | BJ70: 0 | BK70: 3.28 | BL70: RTM | BM70: 0 | BN70: 3.41 | BO70: RTM | BP70: 0 | BQ70: 3.26 | BR70: RTM | BS70: 0 | BT70: 3.41 | BU70: RTM | BV70: 0 | BW70: 3.38 | BX70: DAM | BY70: 0 | BZ70: 2.62 | CA70: DAM | CB70: 0 | CC70: 3.26 | CD70: RTM | CE70: 0 | CF70: 2.3 | CG70: RTM | CH70: 0 | CI70: 3.41 | CJ70: RTM | CK70: 0 | CL70: 2.45 | CM70: DAM | CN70: 0 | CO70: 3.6 | CP70: RTM
A71: 17:00 - 17:15 | B71: 0.28 | C71: 1.2 | D71: RTM | E71: 0.28 | F71: 1.52 | G71: RTM | H71: 0 | I71: 2.64 | J71: RTM | K71: 0 | L71: 2.32 | M71: DAM | N71: 0.28 | O71: 0 | P71: RTM | Q71: 0 | R71: 2.79 | S71: RTM | T71: 0 | U71: 2.43 | V71: DAM | W71: 0 | X71: 2.19 | Y71: DAM | Z71: 0 | AA71: 2.52 | AB71: RTM | AC71: 0 | AD71: 2.47 | AE71: RTM | AF71: 0 | AG71: 2.56 | AH71: RTM | AI71: 0.28 | AJ71: 1.12 | AK71: DAM | AL71: 0 | AM71: 3.1 | AN71: RTM | AO71: 0 | AP71: 2.68 | AQ71: DAM | AR71: 0 | AS71: 3.75 | AT71: DAM | AU71: - | AV71: - | AW71: - | AX71: 0 | AY71: 2.74 | AZ71: RTM | BA71: 0 | BB71: 2.21 | BC71: RTM | BD71: 0 | BE71: 2.7 | BF71: RTM | BG71: 0 | BH71: 2.05 | BI71: RTM | BJ71: 0 | BK71: 2.19 | BL71: RTM | BM71: 0 | BN71: 3.42 | BO71: RTM | BP71: 0 | BQ71: 2.54 | BR71: RTM | BS71: 0 | BT71: 3.26 | BU71: RTM | BV71: 0 | BW71: 3.44 | BX71: DAM | BY71: 0 | BZ71: 2.62 | CA71: DAM | CB71: 0 | CC71: 3.54 | CD71: RTM | CE71: 0.28 | CF71: 1.56 | CG71: RTM | CH71: 0 | CI71: 3.33 | CJ71: RTM | CK71: 0 | CL71: 2.45 | CM71: DAM | CN71: 0 | CO71: 3.51 | CP71: RTM
A72: 17:15 - 17:30 | B72: 0.28 | C72: 1.2 | D72: RTM | E72: 0.28 | F72: 1.2 | G72: RTM | H72: 0 | I72: 2.89 | J72: RTM | K72: 0 | L72: 2.1 | M72: DAM | N72: 0.28 | O72: 0 | P72: RTM | Q72: 0 | R72: 2.8 | S72: RTM | T72: 0 | U72: 2.46 | V72: DAM | W72: 0 | X72: 2.15 | Y72: DAM | Z72: 0 | AA72: 2.56 | AB72: RTM | AC72: 0 | AD72: 2.58 | AE72: RTM | AF72: 0 | AG72: 2.56 | AH72: RTM | AI72: 0.28 | AJ72: 1.56 | AK72: DAM | AL72: 0 | AM72: 3.28 | AN72: RTM | AO72: 0 | AP72: 2.94 | AQ72: DAM | AR72: 0 | AS72: 4 | AT72: DAM | AU72: - | AV72: - | AW72: - | AX72: 0 | AY72: 3.01 | AZ72: RTM | BA72: 0 | BB72: 2.86 | BC72: RTM | BD72: 0 | BE72: 2.8 | BF72: RTM | BG72: 0 | BH72: 2.07 | BI72: RTM | BJ72: 0 | BK72: 2.19 | BL72: RTM | BM72: 0 | BN72: 3.38 | BO72: RTM | BP72: 0 | BQ72: 2.76 | BR72: RTM | BS72: 0 | BT72: 3.23 | BU72: RTM | BV72: 0 | BW72: 3.5 | BX72: DAM | BY72: 0 | BZ72: 2.47 | CA72: DAM | CB72: - | CC72: - | CD72: - | CE72: 0.28 | CF72: 1.2 | CG72: RTM | CH72: 0 | CI72: 3.4 | CJ72: RTM | CK72: 0 | CL72: 2.53 | CM72: DAM | CN72: 0 | CO72: 3.82 | CP72: RTM
A73: 17:30 - 17:45 | B73: 0.28 | C73: 1.8 | D73: RTM | E73: 0 | F73: 2.25 | G73: RTM | H73: 0 | I73: 3.05 | J73: RTM | K73: 0 | L73: 2.2 | M73: DAM | N73: 0.28 | O73: 0 | P73: RTM | Q73: 0 | R73: 3.26 | S73: RTM | T73: 0 | U73: 2.46 | V73: DAM | W73: 0 | X73: 2.34 | Y73: DAM | Z73: 0 | AA73: 2.7 | AB73: RTM | AC73: 0 | AD73: 3 | AE73: RTM | AF73: 0 | AG73: 2.89 | AH73: RTM | AI73: 0.28 | AJ73: 1.56 | AK73: DAM | AL73: 0 | AM73: 4 | AN73: RTM | AO73: 0 | AP73: 3.22 | AQ73: DAM | AR73: - | AS73: - | AT73: - | AU73: - | AV73: - | AW73: - | AX73: 0 | AY73: 2.74 | AZ73: RTM | BA73: 0 | BB73: 2.98 | BC73: RTM | BD73: 0 | BE73: 2.74 | BF73: RTM | BG73: 0 | BH73: 2.05 | BI73: RTM | BJ73: 0 | BK73: 3.4 | BL73: RTM | BM73: 0 | BN73: 3 | BO73: RTM | BP73: 0 | BQ73: 3.34 | BR73: RTM | BS73: 0 | BT73: 3.54 | BU73: RTM | BV73: - | BW73: - | BX73: - | BY73: 0 | BZ73: 2.6 | CA73: DAM | CB73: - | CC73: - | CD73: - | CE73: 0 | CF73: 2.6 | CG73: RTM | CH73: 0 | CI73: 3.31 | CJ73: RTM | CK73: 0 | CL73: 2.67 | CM73: DAM | CN73: 0 | CO73: 3.54 | CP73: RTM
A74: 17:45 - 18:00 | B74: 0 | C74: 2.3 | D74: RTM | E74: 0 | F74: 2.25 | G74: RTM | H74: 0 | I74: 3.4 | J74: RTM | K74: 0 | L74: 2.33 | M74: DAM | N74: 0.28 | O74: 0.05 | P74: RTM | Q74: 0 | R74: 3.38 | S74: RTM | T74: 0 | U74: 2.46 | V74: DAM | W74: 0 | X74: 2.46 | Y74: DAM | Z74: 0 | AA74: 2.86 | AB74: RTM | AC74: 0 | AD74: 3.2 | AE74: RTM | AF74: 0 | AG74: 3.28 | AH74: RTM | AI74: 0 | AJ74: 2.02 | AK74: DAM | AL74: 0 | AM74: 5 | AN74: RTM | AO74: 0 | AP74: 3.44 | AQ74: DAM | AR74: - | AS74: - | AT74: - | AU74: - | AV74: - | AW74: - | AX74: 0 | AY74: 3.23 | AZ74: RTM | BA74: 0 | BB74: 3.37 | BC74: RTM | BD74: 0 | BE74: 2.82 | BF74: RTM | BG74: 0 | BH74: 2.07 | BI74: RTM | BJ74: 0 | BK74: 3.45 | BL74: RTM | BM74: 0 | BN74: 2.51 | BO74: RTM | BP74: 0 | BQ74: 3.34 | BR74: RTM | BS74: 0 | BT74: 3.54 | BU74: RTM | BV74: - | BW74: - | BX74: - | BY74: 0 | BZ74: 2.62 | CA74: DAM | CB74: - | CC74: - | CD74: - | CE74: 0 | CF74: 3.26 | CG74: RTM | CH74: 0 | CI74: 3.5 | CJ74: RTM | CK74: 0 | CL74: 3.01 | CM74: DAM | CN74: 0 | CO74: 4.09 | CP74: RTM
A75: 18:00 - 18:15 | B75: 0.28 | C75: 0.73 | D75: RTM | E75: 0 | F75: 2.32 | G75: RTM | H75: 0 | I75: 3.3 | J75: RTM | K75: 0 | L75: 2.38 | M75: DAM | N75: 0.28 | O75: 1.55 | P75: RTM | Q75: 0 | R75: 2.55 | S75: RTM | T75: 0 | U75: 2.51 | V75: DAM | W75: 0 | X75: 2.5 | Y75: DAM | Z75: 0 | AA75: 2.41 | AB75: RTM | AC75: 0.28 | AD75: 0.49 | AE75: RTM | AF75: 0 | AG75: 2.12 | AH75: RTM | AI75: 0 | AJ75: 2.28 | AK75: DAM | AL75: - | AM75: - | AN75: - | AO75: - | AP75: - | AQ75: - | AR75: - | AS75: - | AT75: - | AU75: - | AV75: - | AW75: - | AX75: 0 | AY75: 3 | AZ75: RTM | BA75: 0 | BB75: 2 | BC75: RTM | BD75: 0.28 | BE75: 0.24 | BF75: RTM | BG75: 0 | BH75: 2.93 | BI75: RTM | BJ75: 0 | BK75: 3.26 | BL75: RTM | BM75: 0.28 | BN75: 0.01 | BO75: RTM | BP75: 0.28 | BQ75: 0.4 | BR75: RTM | BS75: 0.28 | BT75: 1.62 | BU75: RTM | BV75: 0 | BW75: 3.79 | BX75: DAM | BY75: 0 | BZ75: 2.94 | CA75: DAM | CB75: - | CC75: - | CD75: - | CE75: 0.28 | CF75: 1.25 | CG75: RTM | CH75: 0 | CI75: 3 | CJ75: RTM | CK75: 0 | CL75: 3.44 | CM75: DAM | CN75: - | CO75: - | CP75: -
A76: 18:15 - 18:30 | B76: 0.28 | C76: 1.96 | D76: RTM | E76: 0 | F76: 2.9 | G76: RTM | H76: 0 | I76: 3.46 | J76: RTM | K76: 0 | L76: 2.51 | M76: DAM | N76: 0 | O76: 2.25 | P76: RTM | Q76: 0 | R76: 3.34 | S76: RTM | T76: 0 | U76: 2.51 | V76: DAM | W76: 0 | X76: 2.52 | Y76: DAM | Z76: 0 | AA76: 2.55 | AB76: RTM | AC76: 0.28 | AD76: 1.31 | AE76: RTM | AF76: 0 | AG76: 2.87 | AH76: RTM | AI76: 0 | AJ76: 2.33 | AK76: DAM | AL76: - | AM76: - | AN76: - | AO76: - | AP76: - | AQ76: - | AR76: - | AS76: - | AT76: - | AU76: - | AV76: - | AW76: - | AX76: - | AY76: - | AZ76: - | BA76: - | BB76: - | BC76: - | BD76: 0 | BE76: 3.32 | BF76: RTM | BG76: - | BH76: - | BI76: - | BJ76: - | BK76: - | BL76: - | BM76: 0.28 | BN76: 0.03 | BO76: RTM | BP76: 0.28 | BQ76: 1.5 | BR76: RTM | BS76: 0 | BT76: 2.54 | BU76: RTM | BV76: - | BW76: - | BX76: - | BY76: 0 | BZ76: 3.1 | CA76: DAM | CB76: - | CC76: - | CD76: - | CE76: 0 | CF76: 3.02 | CG76: RTM | CH76: 0 | CI76: 4.04 | CJ76: RTM | CK76: - | CL76: - | CM76: - | CN76: - | CO76: - | CP76: -
A77: 18:30 - 18:45 | B77: 0.28 | C77: 1.96 | D77: RTM | E77: 0 | F77: 3.57 | G77: RTM | H77: 0 | I77: 3.51 | J77: RTM | K77: 0 | L77: 2.68 | M77: DAM | N77: 0 | O77: 2.76 | P77: RTM | Q77: 0 | R77: 4.21 | S77: RTM | T77: 0 | U77: 2.66 | V77: DAM | W77: 0 | X77: 2.74 | Y77: DAM | Z77: 0 | AA77: 3.34 | AB77: RTM | AC77: 0 | AD77: 3.2 | AE77: RTM | AF77: 0 | AG77: 3.81 | AH77: RTM | AI77: 0 | AJ77: 2.33 | AK77: DAM | AL77: - | AM77: - | AN77: - | AO77: - | AP77: - | AQ77: - | AR77: - | AS77: - | AT77: - | AU77: - | AV77: - | AW77: - | AX77: - | AY77: - | AZ77: - | BA77: - | BB77: - | BC77: - | BD77: - | BE77: - | BF77: - | BG77: - | BH77: - | BI77: - | BJ77: - | BK77: - | BL77: - | BM77: 0 | BN77: 2.51 | BO77: RTM | BP77: 0 | BQ77: 2.8 | BR77: RTM | BS77: 0 | BT77: 3.19 | BU77: RTM | BV77: - | BW77: - | BX77: - | BY77: 0 | BZ77: 3.37 | CA77: DAM | CB77: - | CC77: - | CD77: - | CE77: - | CF77: - | CG77: - | CH77: - | CI77: - | CJ77: - | CK77: - | CL77: - | CM77: - | CN77: - | CO77: - | CP77: -
A78: 18:45 - 19:00 | B78: 0 | C78: 2.2 | D78: RTM | E78: - | F78: - | G78: - | H78: - | I78: - | J78: - | K78: 0 | L78: 3.35 | M78: DAM | N78: 0 | O78: 2.99 | P78: RTM | Q78: 0 | R78: 5.15 | S78: RTM | T78: 0 | U78: 3.06 | V78: DAM | W78: 0 | X78: 3.2 | Y78: DAM | Z78: 0 | AA78: 3.8 | AB78: RTM | AC78: - | AD78: - | AE78: - | AF78: - | AG78: - | AH78: - | AI78: 0 | AJ78: 2.33 | AK78: DAM | AL78: - | AM78: - | AN78: - | AO78: - | AP78: - | AQ78: - | AR78: - | AS78: - | AT78: - | AU78: - | AV78: - | AW78: - | AX78: - | AY78: - | AZ78: - | BA78: - | BB78: - | BC78: - | BD78: - | BE78: - | BF78: - | BG78: - | BH78: - | BI78: - | BJ78: - | BK78: - | BL78: - | BM78: 0 | BN78: 3.31 | BO78: RTM | BP78: - | BQ78: - | BR78: - | BS78: - | BT78: - | BU78: - | BV78: - | BW78: - | BX78: - | BY78: 0 | BZ78: 3.46 | CA78: DAM | CB78: - | CC78: - | CD78: - | CE78: - | CF78: - | CG78: - | CH78: - | CI78: - | CJ78: - | CK78: - | CL78: - | CM78: - | CN78: - | CO78: - | CP78: -
A79: 19:00 - 19:15 | B79: 0 | C79: 3.97 | D79: RTM | E79: - | F79: - | G79: - | H79: - | I79: - | J79: - | K79: 0 | L79: 4 | M79: DAM | N79: 0 | O79: 3.38 | P79: RTM | Q79: 0 | R79: 5.19 | S79: RTM | T79: 0 | U79: 4.14 | V79: DAM | W79: 0 | X79: 3.82 | Y79: DAM | Z79: 0 | AA79: 3.66 | AB79: RTM | AC79: 0 | AD79: 3.2 | AE79: RTM | AF79: 0 | AG79: 4.5 | AH79: GDAM | AI79: 0 | AJ79: 3.36 | AK79: DAM | AL79: - | AM79: - | AN79: - | AO79: - | AP79: - | AQ79: - | AR79: - | AS79: - | AT79: - | AU79: - | AV79: - | AW79: - | AX79: - | AY79: - | AZ79: - | BA79: - | BB79: - | BC79: - | BD79: - | BE79: - | BF79: - | BG79: - | BH79: - | BI79: - | BJ79: - | BK79: - | BL79: - | BM79: - | BN79: - | BO79: - | BP79: - | BQ79: - | BR79: - | BS79: 0 | BT79: 3.99 | BU79: RTM | BV79: - | BW79: - | BX79: - | BY79: 0 | BZ79: 4.25 | CA79: DAM | CB79: - | CC79: - | CD79: - | CE79: - | CF79: - | CG79: - | CH79: - | CI79: - | CJ79: - | CK79: - | CL79: - | CM79: - | CN79: - | CO79: - | CP79: -
A80: 19:15 - 19:30 | B80: 0 | C80: 4 | D80: RTM | E80: - | F80: - | G80: - | H80: - | I80: - | J80: - | K80: 0 | L80: 4.36 | M80: DAM | N80: 0 | O80: 3.3 | P80: RTM | Q80: 0 | R80: 5.51 | S80: RTM | T80: - | U80: - | V80: - | W80: 0 | X80: 4.12 | Y80: DAM | Z80: 0 | AA80: 4.09 | AB80: RTM | AC80: 0 | AD80: 4.5 | AE80: RTM | AF80: - | AG80: - | AH80: - | AI80: 0 | AJ80: 3.41 | AK80: DAM | AL80: - | AM80: - | AN80: - | AO80: - | AP80: - | AQ80: - | AR80: - | AS80: - | AT80: - | AU80: - | AV80: - | AW80: - | AX80: - | AY80: - | AZ80: - | BA80: - | BB80: - | BC80: - | BD80: - | BE80: - | BF80: - | BG80: - | BH80: - | BI80: - | BJ80: - | BK80: - | BL80: - | BM80: - | BN80: - | BO80: - | BP80: - | BQ80: - | BR80: - | BS80: 0 | BT80: 4.7 | BU80: RTM | BV80: - | BW80: - | BX80: - | BY80: - | BZ80: - | CA80: - | CB80: - | CC80: - | CD80: - | CE80: - | CF80: - | CG80: - | CH80: - | CI80: - | CJ80: - | CK80: - | CL80: - | CM80: - | CN80: - | CO80: - | CP80: -
A81: 19:30 - 19:45 | B81: 0 | C81: 4.2 | D81: RTM | E81: - | F81: - | G81: - | H81: - | I81: - | J81: - | K81: 0 | L81: 4.45 | M81: DAM | N81: 0 | O81: 3.38 | P81: RTM | Q81: 0 | R81: 6 | S81: RTM | T81: - | U81: - | V81: - | W81: 0 | X81: 4.49 | Y81: DAM | Z81: 0 | AA81: 4.65 | AB81: RTM | AC81: - | AD81: - | AE81: - | AF81: - | AG81: - | AH81: - | AI81: 0 | AJ81: 3.61 | AK81: DAM | AL81: - | AM81: - | AN81: - | AO81: - | AP81: - | AQ81: - | AR81: - | AS81: - | AT81: - | AU81: - | AV81: - | AW81: - | AX81: - | AY81: - | AZ81: - | BA81: - | BB81: - | BC81: - | BD81: - | BE81: - | BF81: - | BG81: - | BH81: - | BI81: - | BJ81: - | BK81: - | BL81: - | BM81: - | BN81: - | BO81: - | BP81: - | BQ81: - | BR81: - | BS81: - | BT81: - | BU81: - | BV81: - | BW81: - | BX81: - | BY81: - | BZ81: - | CA81: - | CB81: - | CC81: - | CD81: - | CE81: - | CF81: - | CG81: - | CH81: - | CI81: - | CJ81: - | CK81: - | CL81: - | CM81: - | CN81: - | CO81: - | CP81: -
A82: 19:45 - 20:00 | B82: 0 | C82: 4.2 | D82: RTM | E82: - | F82: - | G82: - | H82: - | I82: - | J82: - | K82: 0 | L82: 4.45 | M82: DAM | N82: 0 | O82: 3.26 | P82: RTM | Q82: - | R82: - | S82: - | T82: - | U82: - | V82: - | W82: 0 | X82: 4.49 | Y82: DAM | Z82: - | AA82: - | AB82: - | AC82: - | AD82: - | AE82: - | AF82: - | AG82: - | AH82: - | AI82: 0 | AJ82: 3.95 | AK82: DAM | AL82: - | AM82: - | AN82: - | AO82: - | AP82: - | AQ82: - | AR82: - | AS82: - | AT82: - | AU82: - | AV82: - | AW82: - | AX82: - | AY82: - | AZ82: - | BA82: - | BB82: - | BC82: - | BD82: - | BE82: - | BF82: - | BG82: - | BH82: - | BI82: - | BJ82: - | BK82: - | BL82: - | BM82: - | BN82: - | BO82: - | BP82: - | BQ82: - | BR82: - | BS82: - | BT82: - | BU82: - | BV82: - | BW82: - | BX82: - | BY82: - | BZ82: - | CA82: - | CB82: - | CC82: - | CD82: - | CE82: - | CF82: - | CG82: - | CH82: - | CI82: - | CJ82: - | CK82: - | CL82: - | CM82: - | CN82: - | CO82: - | CP82: -
A83: 20:00 - 20:15 | B83: 0 | C83: 4 | D83: RTM | E83: - | F83: - | G83: - | H83: - | I83: - | J83: - | K83: - | L83: - | M83: - | N83: 0 | O83: 3.78 | P83: RTM | Q83: - | R83: - | S83: - | T83: - | U83: - | V83: - | W83: 0 | X83: 4.45 | Y83: DAM | Z83: 0 | AA83: 4.1 | AB83: RTM | AC83: - | AD83: - | AE83: - | AF83: - | AG83: - | AH83: - | AI83: 0 | AJ83: 4.3 | AK83: DAM | AL83: - | AM83: - | AN83: - | AO83: - | AP83: - | AQ83: - | AR83: - | AS83: - | AT83: - | AU83: - | AV83: - | AW83: - | AX83: - | AY83: - | AZ83: - | BA83: - | BB83: - | BC83: - | BD83: - | BE83: - | BF83: - | BG83: - | BH83: - | BI83: - | BJ83: - | BK83: - | BL83: - | BM83: 0 | BN83: 4.37 | BO83: RTM | BP83: - | BQ83: - | BR83: - | BS83: - | BT83: - | BU83: - | BV83: - | BW83: - | BX83: - | BY83: - | BZ83: - | CA83: - | CB83: - | CC83: - | CD83: - | CE83: - | CF83: - | CG83: - | CH83: - | CI83: - | CJ83: - | CK83: - | CL83: - | CM83: - | CN83: - | CO83: - | CP83: -
A84: 20:15 - 20:30 | B84: 0 | C84: 4.2 | D84: RTM | E84: - | F84: - | G84: - | H84: - | I84: - | J84: - | K84: - | L84: - | M84: - | N84: 0 | O84: 3.85 | P84: RTM | Q84: - | R84: - | S84: - | T84: - | U84: - | V84: - | W84: 0 | X84: 4.45 | Y84: DAM | Z84: 0 | AA84: 3.68 | AB84: RTM | AC84: - | AD84: - | AE84: - | AF84: - | AG84: - | AH84: - | AI84: 0 | AJ84: 4.01 | AK84: DAM | AL84: - | AM84: - | AN84: - | AO84: - | AP84: - | AQ84: - | AR84: - | AS84: - | AT84: - | AU84: - | AV84: - | AW84: - | AX84: - | AY84: - | AZ84: - | BA84: - | BB84: - | BC84: - | BD84: - | BE84: - | BF84: - | BG84: - | BH84: - | BI84: - | BJ84: - | BK84: - | BL84: - | BM84: 0 | BN84: 4.52 | BO84: RTM | BP84: - | BQ84: - | BR84: - | BS84: - | BT84: - | BU84: - | BV84: - | BW84: - | BX84: - | BY84: - | BZ84: - | CA84: - | CB84: - | CC84: - | CD84: - | CE84: - | CF84: - | CG84: - | CH84: - | CI84: - | CJ84: - | CK84: - | CL84: - | CM84: - | CN84: - | CO84: - | CP84: -
A85: 20:30 - 20:45 | B85: - | C85: - | D85: - | E85: - | F85: - | G85: - | H85: - | I85: - | J85: - | K85: - | L85: - | M85: - | N85: 0 | O85: 3.38 | P85: RTM | Q85: - | R85: - | S85: - | T85: - | U85: - | V85: - | W85: - | X85: - | Y85: - | Z85: 0 | AA85: 4 | AB85: RTM | AC85: - | AD85: - | AE85: - | AF85: - | AG85: - | AH85: - | AI85: 0 | AJ85: 4.33 | AK85: DAM | AL85: - | AM85: - | AN85: - | AO85: - | AP85: - | AQ85: - | AR85: - | AS85: - | AT85: - | AU85: - | AV85: - | AW85: - | AX85: - | AY85: - | AZ85: - | BA85: - | BB85: - | BC85: - | BD85: - | BE85: - | BF85: - | BG85: - | BH85: - | BI85: - | BJ85: - | BK85: - | BL85: - | BM85: - | BN85: - | BO85: - | BP85: - | BQ85: - | BR85: - | BS85: - | BT85: - | BU85: - | BV85: - | BW85: - | BX85: - | BY85: - | BZ85: - | CA85: - | CB85: - | CC85: - | CD85: - | CE85: - | CF85: - | CG85: - | CH85: - | CI85: - | CJ85: - | CK85: - | CL85: - | CM85: - | CN85: - | CO85: - | CP85: -
A86: 20:45 - 21:00 | B86: - | C86: - | D86: - | E86: - | F86: - | G86: - | H86: - | I86: - | J86: - | K86: - | L86: - | M86: - | N86: 0 | O86: 3.5 | P86: RTM | Q86: - | R86: - | S86: - | T86: - | U86: - | V86: - | W86: - | X86: - | Y86: - | Z86: 0 | AA86: 4 | AB86: RTM | AC86: - | AD86: - | AE86: - | AF86: - | AG86: - | AH86: - | AI86: 0 | AJ86: 4.33 | AK86: DAM | AL86: - | AM86: - | AN86: - | AO86: - | AP86: - | AQ86: - | AR86: - | AS86: - | AT86: - | AU86: - | AV86: - | AW86: - | AX86: - | AY86: - | AZ86: - | BA86: - | BB86: - | BC86: - | BD86: - | BE86: - | BF86: - | BG86: - | BH86: - | BI86: - | BJ86: - | BK86: - | BL86: - | BM86: - | BN86: - | BO86: - | BP86: - | BQ86: - | BR86: - | BS86: - | BT86: - | BU86: - | BV86: - | BW86: - | BX86: - | BY86: - | BZ86: - | CA86: - | CB86: - | CC86: - | CD86: - | CE86: - | CF86: - | CG86: - | CH86: - | CI86: - | CJ86: - | CK86: - | CL86: - | CM86: - | CN86: - | CO86: - | CP86: -
A87: 21:00 - 21:15 | B87: - | C87: - | D87: - | E87: - | F87: - | G87: - | H87: - | I87: - | J87: - | K87: - | L87: - | M87: - | N87: 0 | O87: 3.75 | P87: RTM | Q87: - | R87: - | S87: - | T87: - | U87: - | V87: - | W87: - | X87: - | Y87: - | Z87: 0 | AA87: 3.96 | AB87: RTM | AC87: - | AD87: - | AE87: - | AF87: - | AG87: - | AH87: - | AI87: 0 | AJ87: 4 | AK87: DAM | AL87: - | AM87: - | AN87: - | AO87: - | AP87: - | AQ87: - | AR87: - | AS87: - | AT87: - | AU87: - | AV87: - | AW87: - | AX87: - | AY87: - | AZ87: - | BA87: - | BB87: - | BC87: - | BD87: - | BE87: - | BF87: - | BG87: - | BH87: - | BI87: - | BJ87: - | BK87: - | BL87: - | BM87: 0 | BN87: 4.37 | BO87: RTM | BP87: - | BQ87: - | BR87: - | BS87: - | BT87: - | BU87: - | BV87: - | BW87: - | BX87: - | BY87: - | BZ87: - | CA87: - | CB87: - | CC87: - | CD87: - | CE87: - | CF87: - | CG87: - | CH87: - | CI87: - | CJ87: - | CK87: - | CL87: - | CM87: - | CN87: - | CO87: - | CP87: -
A88: 21:15 - 21:30 | B88: - | C88: - | D88: - | E88: - | F88: - | G88: - | H88: - | I88: - | J88: - | K88: - | L88: - | M88: - | N88: 0 | O88: 3.8 | P88: RTM | Q88: - | R88: - | S88: - | T88: - | U88: - | V88: - | W88: - | X88: - | Y88: - | Z88: 0 | AA88: 4.09 | AB88: RTM | AC88: - | AD88: - | AE88: - | AF88: - | AG88: - | AH88: - | AI88: 0 | AJ88: 4.3 | AK88: DAM | AL88: - | AM88: - | AN88: - | AO88: - | AP88: - | AQ88: - | AR88: - | AS88: - | AT88: - | AU88: - | AV88: - | AW88: - | AX88: - | AY88: - | AZ88: - | BA88: - | BB88: - | BC88: - | BD88: - | BE88: - | BF88: - | BG88: - | BH88: - | BI88: - | BJ88: - | BK88: - | BL88: - | BM88: 0 | BN88: 4.52 | BO88: RTM | BP88: - | BQ88: - | BR88: - | BS88: - | BT88: - | BU88: - | BV88: - | BW88: - | BX88: - | BY88: - | BZ88: - | CA88: - | CB88: - | CC88: - | CD88: - | CE88: - | CF88: - | CG88: - | CH88: - | CI88: - | CJ88: - | CK88: - | CL88: - | CM88: - | CN88: - | CO88: - | CP88: -
A89: 21:30 - 21:45 | B89: - | C89: - | D89: - | E89: - | F89: - | G89: - | H89: - | I89: - | J89: - | K89: - | L89: - | M89: - | N89: 0 | O89: 3.95 | P89: RTM | Q89: - | R89: - | S89: - | T89: - | U89: - | V89: - | W89: - | X89: - | Y89: - | Z89: 0 | AA89: 4.35 | AB89: RTM | AC89: - | AD89: - | AE89: - | AF89: - | AG89: - | AH89: - | AI89: 0 | AJ89: 4.45 | AK89: DAM | AL89: - | AM89: - | AN89: - | AO89: - | AP89: - | AQ89: - | AR89: - | AS89: - | AT89: - | AU89: - | AV89: - | AW89: - | AX89: - | AY89: - | AZ89: - | BA89: - | BB89: - | BC89: - | BD89: - | BE89: - | BF89: - | BG89: - | BH89: - | BI89: - | BJ89: - | BK89: - | BL89: - | BM89: 0 | BN89: 4.2 | BO89: RTM | BP89: - | BQ89: - | BR89: - | BS89: - | BT89: - | BU89: - | BV89: - | BW89: - | BX89: - | BY89: - | BZ89: - | CA89: - | CB89: - | CC89: - | CD89: - | CE89: - | CF89: - | CG89: - | CH89: - | CI89: - | CJ89: - | CK89: - | CL89: - | CM89: - | CN89: - | CO89: - | CP89: -
A90: 21:45 - 22:00 | B90: - | C90: - | D90: - | E90: - | F90: - | G90: - | H90: - | I90: - | J90: - | K90: - | L90: - | M90: - | N90: 0 | O90: 3.93 | P90: RTM | Q90: - | R90: - | S90: - | T90: - | U90: - | V90: - | W90: - | X90: - | Y90: - | Z90: 0 | AA90: 4.4 | AB90: RTM | AC90: - | AD90: - | AE90: - | AF90: - | AG90: - | AH90: - | AI90: 0 | AJ90: 4.45 | AK90: DAM | AL90: - | AM90: - | AN90: - | AO90: - | AP90: - | AQ90: - | AR90: - | AS90: - | AT90: - | AU90: - | AV90: - | AW90: - | AX90: - | AY90: - | AZ90: - | BA90: - | BB90: - | BC90: - | BD90: - | BE90: - | BF90: - | BG90: - | BH90: - | BI90: - | BJ90: - | BK90: - | BL90: - | BM90: 0 | BN90: 4.04 | BO90: RTM | BP90: - | BQ90: - | BR90: - | BS90: - | BT90: - | BU90: - | BV90: - | BW90: - | BX90: - | BY90: - | BZ90: - | CA90: - | CB90: - | CC90: - | CD90: - | CE90: - | CF90: - | CG90: - | CH90: - | CI90: - | CJ90: - | CK90: - | CL90: - | CM90: - | CN90: - | CO90: - | CP90: -
A91: 22:00 - 22:15 | B91: - | C91: - | D91: - | E91: - | F91: - | G91: - | H91: - | I91: - | J91: - | K91: - | L91: - | M91: - | N91: 0 | O91: 3.93 | P91: RTM | Q91: - | R91: - | S91: - | T91: - | U91: - | V91: - | W91: - | X91: - | Y91: - | Z91: 0 | AA91: 4.09 | AB91: RTM | AC91: - | AD91: - | AE91: - | AF91: - | AG91: - | AH91: - | AI91: 0 | AJ91: 4.45 | AK91: DAM | AL91: - | AM91: - | AN91: - | AO91: - | AP91: - | AQ91: - | AR91: - | AS91: - | AT91: - | AU91: - | AV91: - | AW91: - | AX91: - | AY91: - | AZ91: - | BA91: - | BB91: - | BC91: - | BD91: - | BE91: - | BF91: - | BG91: - | BH91: - | BI91: - | BJ91: - | BK91: - | BL91: - | BM91: 0 | BN91: 4 | BO91: RTM | BP91: - | BQ91: - | BR91: - | BS91: - | BT91: - | BU91: - | BV91: - | BW91: - | BX91: - | BY91: - | BZ91: - | CA91: - | CB91: - | CC91: - | CD91: - | CE91: - | CF91: - | CG91: - | CH91: - | CI91: - | CJ91: - | CK91: - | CL91: - | CM91: - | CN91: - | CO91: - | CP91: -
A92: 22:15 - 22:30 | B92: - | C92: - | D92: - | E92: - | F92: - | G92: - | H92: - | I92: - | J92: - | K92: - | L92: - | M92: - | N92: 0 | O92: 4.21 | P92: RTM | Q92: - | R92: - | S92: - | T92: - | U92: - | V92: - | W92: - | X92: - | Y92: - | Z92: 0 | AA92: 4 | AB92: RTM | AC92: - | AD92: - | AE92: - | AF92: - | AG92: - | AH92: - | AI92: - | AJ92: - | AK92: - | AL92: - | AM92: - | AN92: - | AO92: - | AP92: - | AQ92: - | AR92: - | AS92: - | AT92: - | AU92: - | AV92: - | AW92: - | AX92: - | AY92: - | AZ92: - | BA92: - | BB92: - | BC92: - | BD92: - | BE92: - | BF92: - | BG92: - | BH92: - | BI92: - | BJ92: - | BK92: - | BL92: - | BM92: 0 | BN92: 4.04 | BO92: RTM | BP92: - | BQ92: - | BR92: - | BS92: - | BT92: - | BU92: - | BV92: - | BW92: - | BX92: - | BY92: - | BZ92: - | CA92: - | CB92: - | CC92: - | CD92: - | CE92: - | CF92: - | CG92: - | CH92: - | CI92: - | CJ92: - | CK92: - | CL92: - | CM92: - | CN92: - | CO92: - | CP92: -
A93: 22:30 - 22:45 | B93: - | C93: - | D93: - | E93: - | F93: - | G93: - | H93: - | I93: - | J93: - | K93: - | L93: - | M93: - | N93: 0 | O93: 4.09 | P93: RTM | Q93: - | R93: - | S93: - | T93: - | U93: - | V93: - | W93: - | X93: - | Y93: - | Z93: 0 | AA93: 3.95 | AB93: RTM | AC93: - | AD93: - | AE93: - | AF93: - | AG93: - | AH93: - | AI93: - | AJ93: - | AK93: - | AL93: - | AM93: - | AN93: - | AO93: - | AP93: - | AQ93: - | AR93: - | AS93: - | AT93: - | AU93: - | AV93: - | AW93: - | AX93: - | AY93: - | AZ93: - | BA93: - | BB93: - | BC93: - | BD93: - | BE93: - | BF93: - | BG93: - | BH93: - | BI93: - | BJ93: - | BK93: - | BL93: - | BM93: 0 | BN93: 3.6 | BO93: RTM | BP93: - | BQ93: - | BR93: - | BS93: - | BT93: - | BU93: - | BV93: - | BW93: - | BX93: - | BY93: - | BZ93: - | CA93: - | CB93: - | CC93: - | CD93: - | CE93: - | CF93: - | CG93: - | CH93: - | CI93: - | CJ93: - | CK93: - | CL93: - | CM93: - | CN93: - | CO93: - | CP93: -
A94: 22:45 - 23:00 | B94: - | C94: - | D94: - | E94: - | F94: - | G94: - | H94: - | I94: - | J94: - | K94: - | L94: - | M94: - | N94: 0 | O94: 3.87 | P94: RTM | Q94: - | R94: - | S94: - | T94: - | U94: - | V94: - | W94: - | X94: - | Y94: - | Z94: 0 | AA94: 3.76 | AB94: RTM | AC94: - | AD94: - | AE94: - | AF94: - | AG94: - | AH94: - | AI94: - | AJ94: - | AK94: - | AL94: - | AM94: - | AN94: - | AO94: - | AP94: - | AQ94: - | AR94: - | AS94: - | AT94: - | AU94: - | AV94: - | AW94: - | AX94: - | AY94: - | AZ94: - | BA94: - | BB94: - | BC94: - | BD94: - | BE94: - | BF94: - | BG94: - | BH94: - | BI94: - | BJ94: - | BK94: - | BL94: - | BM94: 0 | BN94: 3.36 | BO94: RTM | BP94: - | BQ94: - | BR94: - | BS94: - | BT94: - | BU94: - | BV94: - | BW94: - | BX94: - | BY94: - | BZ94: - | CA94: - | CB94: - | CC94: - | CD94: - | CE94: - | CF94: - | CG94: - | CH94: - | CI94: - | CJ94: - | CK94: - | CL94: - | CM94: - | CN94: - | CO94: - | CP94: -
A95: 23:00 - 23:15 | B95: - | C95: - | D95: - | E95: - | F95: - | G95: - | H95: - | I95: - | J95: - | K95: - | L95: - | M95: - | N95: 0 | O95: 3.38 | P95: RTM | Q95: - | R95: - | S95: - | T95: - | U95: - | V95: - | W95: - | X95: - | Y95: - | Z95: 0 | AA95: 3.95 | AB95: RTM | AC95: - | AD95: - | AE95: - | AF95: - | AG95: - | AH95: - | AI95: 0 | AJ95: 4.45 | AK95: DAM | AL95: - | AM95: - | AN95: - | AO95: - | AP95: - | AQ95: - | AR95: - | AS95: - | AT95: - | AU95: - | AV95: - | AW95: - | AX95: - | AY95: - | AZ95: - | BA95: - | BB95: - | BC95: - | BD95: - | BE95: - | BF95: - | BG95: - | BH95: - | BI95: - | BJ95: 0 | BK95: 4.02 | BL95: RTM | BM95: 0 | BN95: 3.51 | BO95: RTM | BP95: 0 | BQ95: 3.64 | BR95: RTM | BS95: - | BT95: - | BU95: - | BV95: - | BW95: - | BX95: - | BY95: - | BZ95: - | CA95: - | CB95: - | CC95: - | CD95: - | CE95: - | CF95: - | CG95: - | CH95: - | CI95: - | CJ95: - | CK95: - | CL95: - | CM95: - | CN95: - | CO95: - | CP95: -
A96: 23:15 - 23:30 | B96: - | C96: - | D96: - | E96: - | F96: - | G96: - | H96: - | I96: - | J96: - | K96: - | L96: - | M96: - | N96: 0 | O96: 3.19 | P96: RTM | Q96: - | R96: - | S96: - | T96: 0 | U96: 5.45 | V96: DAM | W96: - | X96: - | Y96: - | Z96: 0 | AA96: 3.8 | AB96: RTM | AC96: - | AD96: - | AE96: - | AF96: - | AG96: - | AH96: - | AI96: 0 | AJ96: 4.33 | AK96: DAM | AL96: - | AM96: - | AN96: - | AO96: - | AP96: - | AQ96: - | AR96: - | AS96: - | AT96: - | AU96: - | AV96: - | AW96: - | AX96: - | AY96: - | AZ96: - | BA96: - | BB96: - | BC96: - | BD96: - | BE96: - | BF96: - | BG96: - | BH96: - | BI96: - | BJ96: 0 | BK96: 4.02 | BL96: RTM | BM96: 0 | BN96: 3.6 | BO96: RTM | BP96: 0 | BQ96: 3.34 | BR96: RTM | BS96: - | BT96: - | BU96: - | BV96: - | BW96: - | BX96: - | BY96: - | BZ96: - | CA96: - | CB96: - | CC96: - | CD96: - | CE96: - | CF96: - | CG96: - | CH96: - | CI96: - | CJ96: - | CK96: - | CL96: - | CM96: - | CN96: - | CO96: - | CP96: -
A97: 23:30 - 23:45 | B97: - | C97: - | D97: - | E97: - | F97: - | G97: - | H97: - | I97: - | J97: - | K97: - | L97: - | M97: - | N97: 0 | O97: 3.26 | P97: RTM | Q97: - | R97: - | S97: - | T97: 0 | U97: 5 | V97: DAM | W97: 0 | X97: 5.48 | Y97: DAM | Z97: 0 | AA97: 3.1 | AB97: RTM | AC97: 0 | AD97: 4.5 | AE97: RTM | AF97: - | AG97: - | AH97: - | AI97: 0 | AJ97: 4.3 | AK97: DAM | AL97: - | AM97: - | AN97: - | AO97: - | AP97: - | AQ97: - | AR97: - | AS97: - | AT97: - | AU97: - | AV97: - | AW97: - | AX97: - | AY97: - | AZ97: - | BA97: - | BB97: - | BC97: - | BD97: - | BE97: - | BF97: - | BG97: - | BH97: - | BI97: - | BJ97: 0 | BK97: 3.64 | BL97: RTM | BM97: 0 | BN97: 3.77 | BO97: RTM | BP97: 0 | BQ97: 3.22 | BR97: RTM | BS97: 0 | BT97: 3.95 | BU97: RTM | BV97: - | BW97: - | BX97: - | BY97: - | BZ97: - | CA97: - | CB97: - | CC97: - | CD97: - | CE97: - | CF97: - | CG97: - | CH97: - | CI97: - | CJ97: - | CK97: - | CL97: - | CM97: - | CN97: - | CO97: - | CP97: -
A98: 23:45 - 24:00 | B98: - | C98: - | D98: - | E98: - | F98: - | G98: - | H98: - | I98: - | J98: - | K98: - | L98: - | M98: - | N98: 0 | O98: 3.31 | P98: RTM | Q98: - | R98: - | S98: - | T98: 0 | U98: 4.45 | V98: DAM | W98: 0 | X98: 4.72 | Y98: DAM | Z98: 0 | AA98: 3 | AB98: RTM | AC98: 0 | AD98: 4.31 | AE98: RTM | AF98: - | AG98: - | AH98: - | AI98: 0 | AJ98: 4 | AK98: DAM | AL98: - | AM98: - | AN98: - | AO98: - | AP98: - | AQ98: - | AR98: - | AS98: - | AT98: - | AU98: - | AV98: - | AW98: - | AX98: - | AY98: - | AZ98: - | BA98: - | BB98: - | BC98: - | BD98: - | BE98: - | BF98: - | BG98: - | BH98: - | BI98: - | BJ98: 0 | BK98: 3.5 | BL98: RTM | BM98: 0 | BN98: 3.6 | BO98: RTM | BP98: 0 | BQ98: 3 | BR98: RTM | BS98: 0 | BT98: 3.4 | BU98: RTM | BV98: - | BW98: - | BX98: - | BY98: - | BZ98: - | CA98: - | CB98: - | CC98: - | CD98: - | CE98: 0 | CF98: 4.13 | CG98: RTM | CH98: - | CI98: - | CJ98: - | CK98: - | CL98: - | CM98: - | CN98: - | CO98: - | CP98: -
A99: Total Quantity (MWh) | B99: 10.08 | C99: - | D99: - | E99: 12.6 | F99: - | G99: - | H99: 5.6 | I99: - | J99: - | K99: 8.96 | L99: - | M99: - | N99: 12.04 | O99: - | P99: - | Q99: 9.52 | R99: - | S99: - | T99: 8.12 | U99: - | V99: - | W99: 8.96 | X99: - | Y99: - | Z99: 7.28 | AA99: - | AB99: - | AC99: 8.4 | AD99: - | AE99: - | AF99: 8.4 | AG99: - | AH99: - | AI99: 10.92 | AJ99: - | AK99: - | AL99: 5.6 | AM99: - | AN99: - | AO99: 5.88 | AP99: - | AQ99: - | AR99: 5.04 | AS99: - | AT99: - | AU99: 0.28 | AV99: - | AW99: - | AX99: 1.12 | AY99: - | AZ99: - | BA99: 2.8 | BB99: - | BC99: - | BD99: 4.76 | BE99: - | BF99: - | BG99: 1.68 | BH99: - | BI99: - | BJ99: 1.8522 | BK99: - | BL99: - | BM99: 2.8 | BN99: - | BO99: - | BP99: 3.64 | BQ99: - | BR99: - | BS99: 5.32 | BT99: - | BU99: - | BV99: 5.04 | BW99: - | BX99: - | BY99: 7.84 | BZ99: - | CA99: - | CB99: 4.2 | CC99: - | CD99: - | CE99: 8.68 | CF99: - | CG99: - | CH99: 4.2 | CI99: - | CJ99: - | CK99: 8.12 | CL99: - | CM99: - | CN99: 5.32 | CO99: - | CP99: -
A101: Billing Period: - to -
A103: TOD Slab | B103: Actual DISCOM Units (kWh) | C103: Actual DISCOM Bill (Rs.) | D103: OA Units (kWh, Regional Bus) | E103: OA Units (kWh, Consumer Bus) | F103: OA Energy Charges (Rs.) | G103: DISCOM Bill after OA (Rs.)
A104: 3:00-5:00 | B104: 3920 | C104: 33712 | D104: 3920 | E104: 3362 | F104: 13683 | G104: 6693
A105: 19:00-3:00 | B105: 1680 | C105: 16315 | D105: 1680 | E105: 1440 | F105: 6044 | G105: 2999
A106: 5:00-10:00 | B106: 31080 | C106: 232747 | D106: 31080 | E106: 26666 | F106: 113497 | G106: 50656
A107: 10:00-19:00 | B107: 158372 | C107: 1362014 | D107: 158372 | E107: 135836 | F107: 546656 | G107: 270405
A108: Total | B108: 195052 | C108: 1644788 | D108: 195052 | E108: 167304 | F108: 679880 | G108: 330753
A110: DISCOM Baseline Breakdown | B110: Amount (Rs.)
A111: Energy Charges | B111: 1353559
A112: FPPA Surcharge | B112: -39524
A113: Demand & Fixed Charges | B113: 216000
A114: Electricity Duty | B114: 114753
A115: Total DISCOM Baseline Bill | B115: 1644788
A117: DISCOM Bill After Open Access Breakdown | B117: Amount (Rs.)
A118: Energy Charges | B118: 0
A119: FPPA Surcharge | B119: 0
...
